
===== Apply patch =====
Phase 4 Slice 4 patch applied successfully.

===== Install dependencies =====
npm warn deprecated node-domexception@1.0.0: Use your platform's native DOMException instead
npm warn deprecated recharts@2.12.7: 1.x and 2.x branches are no longer active. Bump to Recharts v3 to receive latest features and bugfixes. See https://github.com/recharts/recharts/wiki/3.0-migration-guide

added 203 packages in 14s
npm warn allow-scripts 4 packages have install scripts not yet covered by allowScripts:
npm warn allow-scripts   @google/genai@1.52.0 (preinstall: echo 'preinstall: no-op')
npm warn allow-scripts   protobufjs@7.6.5 (postinstall: node scripts/postinstall)
npm warn allow-scripts   core-js@3.49.0 (postinstall: node -e "try{require('./postinstall')}catch(e){}")
npm warn allow-scripts   esbuild@0.25.12 (postinstall: node install.js)
npm warn allow-scripts
npm warn allow-scripts Run `npm approve-scripts --allow-scripts-pending` to review, or `npm approve-scripts <pkg>` to allow.

===== Type-check =====

> medibrief---clinical-intelligence-layer@0.0.0 typecheck
> tsc --noEmit


===== Automated tests =====

> medibrief---clinical-intelligence-layer@0.0.0 test:run
> vitest run


[1m[46m RUN [49m[22m [36mv3.2.7 [39m[90m/home/runner/work/MediBrief/MediBrief[39m

 [32m✓[39m tests/diagnosticPanelsAndTrends.test.ts [2m([22m[2m7 tests[22m[2m)[22m[32m 47[2mms[22m[39m
 [32m✓[39m tests/openMedExtraction.test.ts [2m([22m[2m9 tests[22m[2m)[22m[32m 40[2mms[22m[39m
 [32m✓[39m tests/longitudinalClinicalModules.test.ts [2m([22m[2m5 tests[22m[2m)[22m[32m 22[2mms[22m[39m
 [32m✓[39m tests/diagnosticReportFoundation.test.ts [2m([22m[2m9 tests[22m[2m)[22m[32m 32[2mms[22m[39m
 [32m✓[39m tests/planningClinicalModules.test.ts [2m([22m[2m4 tests[22m[2m)[22m[32m 20[2mms[22m[39m
 [32m✓[39m tests/openMedWorkspace.test.ts [2m([22m[2m9 tests[22m[2m)[22m[32m 7[2mms[22m[39m
 [32m✓[39m tests/diagnosticReportReview.test.ts [2m([22m[2m4 tests[22m[2m)[22m[32m 31[2mms[22m[39m
 [32m✓[39m tests/diagnosticReportConflicts.test.ts [2m([22m[2m3 tests[22m[2m)[22m[32m 39[2mms[22m[39m
 [32m✓[39m tests/coreClinicalModules.test.ts [2m([22m[2m4 tests[22m[2m)[22m[32m 23[2mms[22m[39m
 [32m✓[39m tests/recordSearchAndExport.test.ts [2m([22m[2m4 tests[22m[2m)[22m[32m 27[2mms[22m[39m
 [32m✓[39m tests/openMedDocumentExtraction.test.ts [2m([22m[2m2 tests[22m[2m)[22m[32m 24[2mms[22m[39m
 [32m✓[39m tests/manualRecordManagement.test.ts [2m([22m[2m5 tests[22m[2m)[22m[32m 19[2mms[22m[39m
 [32m✓[39m tests/personalHealthRecordViewModels.test.ts [2m([22m[2m4 tests[22m[2m)[22m[32m 26[2mms[22m[39m
 [32m✓[39m tests/openMedCandidateMapping.test.ts [2m([22m[2m2 tests[22m[2m)[22m[32m 7[2mms[22m[39m
 [32m✓[39m tests/openMedDocumentClient.test.ts [2m([22m[2m4 tests[22m[2m)[22m[32m 16[2mms[22m[39m
 [32m✓[39m tests/openMedContextClient.test.ts [2m([22m[2m4 tests[22m[2m)[22m[32m 15[2mms[22m[39m
 [32m✓[39m tests/clinicalRecordStore.test.ts [2m([22m[2m4 tests[22m[2m)[22m[32m 18[2mms[22m[39m
 [32m✓[39m tests/openMedClient.test.ts [2m([22m[2m4 tests[22m[2m)[22m[32m 21[2mms[22m[39m
 [32m✓[39m tests/backupRoundTrip.test.ts [2m([22m[2m2 tests[22m[2m)[22m[32m 25[2mms[22m[39m
 [32m✓[39m tests/legacyMigration.test.ts [2m([22m[2m3 tests[22m[2m)[22m[32m 23[2mms[22m[39m
 [32m✓[39m tests/clinicalSemantics.test.ts [2m([22m[2m7 tests[22m[2m)[22m[32m 11[2mms[22m[39m
 [32m✓[39m tests/phase2AccessibilityResponsive.test.ts [2m([22m[2m7 tests[22m[2m)[22m[32m 5[2mms[22m[39m
 [31m❯[39m tests/diagnosticReportReviewWorkspace.test.ts [2m([22m[2m5 tests[22m[2m | [22m[31m1 failed[39m[2m)[22m[32m 17[2mms[22m[39m
[31m   [31m×[31m Phase 4 report-level review workspace contracts[2m > [22mreviews the original source beside the connected report graph[39m[32m 13[2mms[22m[39m
[31m     → expected 'import React, {\n    useCallback,\n  …' to contain 'validateDiagnosticReportBundleGraph'[39m
   [32m✓[39m Phase 4 report-level review workspace contracts[2m > [22msupports report, specimen, and per-result review without numeric-only assumptions[32m 1[2mms[22m[39m
   [32m✓[39m Phase 4 report-level review workspace contracts[2m > [22mretires the legacy row-only confirmation writer[32m 1[2mms[22m[39m
   [32m✓[39m Phase 4 report-level review workspace contracts[2m > [22mcarries uploaded-source context into pending review state[32m 0[2mms[22m[39m
   [32m✓[39m Phase 4 report-level review workspace contracts[2m > [22maudits review opening, confirmation, and cancellation separately[32m 1[2mms[22m[39m
 [32m✓[39m tests/backupSchemas.test.ts [2m([22m[2m5 tests[22m[2m)[22m[32m 14[2mms[22m[39m
 [32m✓[39m tests/documentExtractionStore.test.ts [2m([22m[2m2 tests[22m[2m)[22m[32m 6[2mms[22m[39m
 [32m✓[39m tests/openMedLanguagePolicy.test.ts [2m([22m[2m6 tests[22m[2m)[22m[32m 7[2mms[22m[39m
 [32m✓[39m tests/confirmedSelectors.test.ts [2m([22m[2m3 tests[22m[2m)[22m[32m 17[2mms[22m[39m
 [32m✓[39m tests/diagnosticReportNormalization.test.ts [2m([22m[2m3 tests[22m[2m)[22m[32m 13[2mms[22m[39m
 [32m✓[39m tests/durableActions.test.ts [2m([22m[2m5 tests[22m[2m)[22m[32m 11[2mms[22m[39m
 [32m✓[39m tests/planningClinicalModulesWorkspace.test.ts [2m([22m[2m5 tests[22m[2m)[22m[32m 5[2mms[22m[39m
 [32m✓[39m tests/coreClinicalModulesWorkspace.test.ts [2m([22m[2m4 tests[22m[2m)[22m[32m 4[2mms[22m[39m
 [32m✓[39m tests/longitudinalClinicalModulesWorkspace.test.ts [2m([22m[2m5 tests[22m[2m)[22m[32m 5[2mms[22m[39m
 [32m✓[39m tests/missingAssets.test.ts [2m([22m[2m1 test[22m[2m)[22m[32m 11[2mms[22m[39m
 [32m✓[39m tests/manualRecordManagementWorkspace.test.ts [2m([22m[2m4 tests[22m[2m)[22m[32m 4[2mms[22m[39m
 [32m✓[39m tests/sourceDocuments.test.ts [2m([22m[2m7 tests[22m[2m)[22m[32m 7[2mms[22m[39m
 [32m✓[39m tests/candidateDeduplication.test.ts [2m([22m[2m2 tests[22m[2m)[22m[32m 12[2mms[22m[39m
 [32m✓[39m tests/clinicalDates.test.ts [2m([22m[2m3 tests[22m[2m)[22m[32m 7[2mms[22m[39m
 [32m✓[39m tests/clinicalSchemas.test.ts [2m([22m[2m10 tests[22m[2m)[22m[32m 9[2mms[22m[39m
 [32m✓[39m tests/chatDurability.test.ts [2m([22m[2m1 test[22m[2m)[22m[32m 10[2mms[22m[39m
 [32m✓[39m tests/personalRecordWorkspace.test.ts [2m([22m[2m4 tests[22m[2m)[22m[32m 4[2mms[22m[39m
 [32m✓[39m tests/diagnosticReportDates.test.ts [2m([22m[2m2 tests[22m[2m)[22m[32m 10[2mms[22m[39m
 [32m✓[39m tests/diagnosticReportConflictWorkspace.test.ts [2m([22m[2m2 tests[22m[2m)[22m[32m 4[2mms[22m[39m
 [32m✓[39m tests/persistenceContract.test.ts [2m([22m[2m3 tests[22m[2m)[22m[32m 8[2mms[22m[39m
 [32m✓[39m tests/openMedLanguageBoundaryWorkspace.test.ts [2m([22m[2m1 test[22m[2m)[22m[32m 3[2mms[22m[39m

[31m⎯⎯⎯⎯⎯⎯⎯[39m[1m[41m Failed Tests 1 [49m[22m[31m⎯⎯⎯⎯⎯⎯⎯[39m

[41m[1m FAIL [22m[49m tests/diagnosticReportReviewWorkspace.test.ts[2m > [22mPhase 4 report-level review workspace contracts[2m > [22mreviews the original source beside the connected report graph
[31m[1mAssertionError[22m: expected 'import React, {\n    useCallback,\n  …' to contain 'validateDiagnosticReportBundleGraph'[39m

[32m- Expected[39m
[31m+ Received[39m

[32m- validateDiagnosticReportBundleGraph[39m
[31m+ import React, {[39m
[31m+     useCallback,[39m
[31m+     useEffect,[39m
[31m+     useMemo,[39m
[31m+     useState,[39m
[31m+ } from 'react';[39m
[31m+ import {[39m
[31m+     AlertTriangleIcon,[39m
[31m+     BeakerIcon,[39m
[31m+     CheckIcon,[39m
[31m+     DocumentTextIcon,[39m
[31m+     XCircleIcon,[39m
[31m+ } from '../../../components/icons';[39m
[31m+ import { useAuditStore } from '../../audit/useAuditStore';[39m
[31m+ import { useClinicalRecordStore } from '../../clinical-record';[39m
[31m+ import {[39m
[31m+     analyzeDiagnosticReportConflicts,[39m
[31m+     validateConflictAwareDiagnosticReportBundle,[39m
[31m+ } from '../conflicts';[39m
[31m+ import {[39m
[31m+     buildAndCommitReviewedDiagnosticReport,[39m
[31m+     buildReviewedDiagnosticReportBundle,[39m
[31m+ } from '../reviewAmendments';[39m
[31m+ import { buildDiagnosticReviewEvidence } from '../reviewEvidence';[39m
[31m+ import { createLegacyLabReviewSeed } from '../legacyLabReview';[39m
[31m+ import type {[39m
[31m+     DiagnosticBundleCommitResult,[39m
[31m+     DiagnosticConflictDecision,[39m
[31m+     DiagnosticReportConflictAnalysis,[39m
[31m+     DiagnosticReportReviewEvidence,[39m
[31m+     PendingLegacyLabReview,[39m
[31m+     ReviewedDiagnosticReportDraft,[39m
[31m+     ReviewedObservationDraft,[39m
[31m+     ReviewedSpecimenDraft,[39m
[31m+ } from '../types';[39m
[31m+ import DiagnosticReportSourcePane from './DiagnosticReportSourcePane';[39m
[31m+[39m
[31m+ const REVIEW_ACTOR = 'Local user';[39m
[31m+ const DEFAULT_REVIEW_REASON =[39m
[31m+     'Human review corrected or selected the extracted diagnostic report content before confirmation.';[39m
[31m+[39m
[31m+ const REPORT_STATUSES: NonNullable<[39m
[31m+     ReviewedDiagnosticReportDraft['status'][39m
[31m+ >[] = [[39m
[31m+     'registered',[39m
[31m+     'partial',[39m
[31m+     'preliminary',[39m
[31m+     'final',[39m
[31m+     'amended',[39m
[31m+     'corrected',[39m
[31m+     'cancelled',[39m
[31m+     'entered-in-error',[39m
[31m+     'unknown',[39m
[31m+ ];[39m
[31m+[39m
[31m+ const RESULT_STATUSES: NonNullable<ReviewedObservationDraft['status']>[] = [[39m
[31m+     'registered',[39m
[31m+     'preliminary',[39m
[31m+     'final',[39m
[31m+     'amended',[39m
[31m+     'corrected',[39m
[31m+     'cancelled',[39m
[31m+     'entered-in-error',[39m
[31m+     'unknown',[39m
[31m+ ];[39m
[31m+[39m
[31m+ const SPECIMEN_STATUSES: NonNullable<ReviewedSpecimenDraft['status']>[] = [[39m
[31m+     'available',[39m
[31m+     'unavailable',[39m
[31m+     'unsatisfactory',[39m
[31m+     'entered-in-error',[39m
[31m+     'unknown',[39m
[31m+ ];[39m
[31m+[39m
[31m+ const optionalText = (value: string): string | undefined => {[39m
[31m+     const trimmed = value.trim();[39m
[31m+     return trimmed || undefined;[39m
[31m+ };[39m
[31m+[39m
[31m+ const nullableText = (value: string): string | null => {[39m
[31m+     const trimmed = value.trim();[39m
[31m+     return trimmed || null;[39m
[31m+ };[39m
[31m+[39m
[31m+ const splitPeople = (value: string): string[] => [[39m
[31m+     ...new Set([39m
[31m+         value[39m
[31m+             .split(/[,;\n]+/)[39m
[31m+             .map(item => item.trim())[39m
[31m+             .filter(Boolean),[39m
[31m+     ),[39m
[31m+ ];[39m
[31m+[39m
[31m+ const inputClass =[39m
[31m+     'mt-1.5 w-full rounded-xl border border-slate-200 bg-white px-3 py-2 text-xs text-slate-800 outline-none transition-colors focus:border-blue-400 dark:border-slate-700 dark:bg-slate-950 dark:text-slate-100';[39m
[31m+ const labelClass =[39m
[31m+     'text-[10px] font-mono font-bold uppercase tracking-widest text-slate-400';[39m
[31m+[39m
[31m+ const fieldLabel = (value: string): string => value[39m
[31m+     .replace(/([a-z])([A-Z])/g, '$1 $2')[39m
[31m+     .replace(/[-_.]/g, ' ')[39m
[31m+     .replace(/^./, letter => letter.toUpperCase());[39m
[31m+[39m
[31m+ interface DiagnosticReportReviewWorkspaceProps {[39m
[31m+     patientId: string;[39m
[31m+     pending: PendingLegacyLabReview;[39m
[31m+     onSaved: (result: DiagnosticBundleCommitResult) => void;[39m
[31m+     onCancel: () => void;[39m
[31m+ }[39m
[31m+[39m
[31m+ interface PreparedReview {[39m
[31m+     draft: ReviewedDiagnosticReportDraft;[39m
[31m+     evidence?: DiagnosticReportReviewEvidence;[39m
[31m+     bundle: ReturnType<typeof buildReviewedDiagnosticReportBundle>;[39m
[31m+     validation: ReturnType<typeof validateConflictAwareDiagnosticReportBundle>;[39m
[31m+     conflicts: DiagnosticReportConflictAnalysis;[39m
[31m+ }[39m
[31m+[39m
[31m+ const DiagnosticReportReviewWorkspace: React.FC<[39m
[31m+     DiagnosticReportReviewWorkspaceProps[39m
[31m+ > = ({ patientId, pending, onSaved, onCancel }) => {[39m
[31m+     const seed = useMemo(() => createLegacyLabReviewSeed({[39m
[31m+         report: pending.report,[39m
[31m+         patientId,[39m
[31m+         source: pending.source,[39m
[31m+     }), [patientId, pending]);[39m
[31m+     const record = useClinicalRecordStore(state => state.records[patientId]);[39m
[31m+     const logEvent = useAuditStore(state => state.actions.logEvent);[39m
[31m+[39m
[31m+     const [draft, setDraft] = useState<ReviewedDiagnosticReportDraft>([39m
[31m+         seed.draft,[39m
[31m+     );[39m
[31m+     const [includedResultIds, setIncludedResultIds] = useState<Set<string>>([39m
[31m+         () => new Set(seed.draft.results.map(result => result.localId)),[39m
[31m+     );[39m
[31m+     const [reviewReason, setReviewReason] = useState(DEFAULT_REVIEW_REASON);[39m
[31m+     const [sourcePage, setSourcePage] = useState<number | undefined>([39m
[31m+         seed.draft.source.pageNumber,[39m
[31m+     );[39m
[31m+     const [commitError, setCommitError] = useState<string | null>(null);[39m
[31m+     const [isSaving, setIsSaving] = useState(false);[39m
[31m+     const [relatedReportId, setRelatedReportId] = useState('');[39m
[31m+     const [conflictDecision, setConflictDecision] = useState<[39m
[31m+         DiagnosticConflictDecision | ''[39m
[31m+     >('');[39m
[31m+     const [conflictReason, setConflictReason] = useState('');[39m
[31m+[39m
[31m+     useEffect(() => {[39m
[31m+         logEvent([39m
[31m+             'DIAGNOSTIC_REPORT_REVIEW_STARTED',[39m
[31m+             patientId,[39m
[31m+             'Opened the report-level diagnostic review workspace.',[39m
[31m+             'USER',[39m
[31m+             {[39m
[31m+                 documentId: pending.source.documentId,[39m
[31m+                 fileName: pending.source.fileName,[39m
[31m+                 extractionEngine: pending.extractionEngine,[39m
[31m+                 extractedResultCount: pending.report.labs.length,[39m
[31m+             },[39m
[31m+         );[39m
[31m+     }, [[39m
[31m+         logEvent,[39m
[31m+         patientId,[39m
[31m+         pending.detectedAt,[39m
[31m+         pending.extractionEngine,[39m
[31m+         pending.report.labs.length,[39m
[31m+         pending.source.documentId,[39m
[31m+         pending.source.fileName,[39m
[31m+     ]);[39m
[31m+[39m
[31m+     const cancelReview = useCallback(() => {[39m
[31m+         logEvent([39m
[31m+             'DIAGNOSTIC_REPORT_REVIEW_CANCELLED',[39m
[31m+             patientId,[39m
[31m+             'Discarded the pending diagnostic report review without changing the clinical record.',[39m
[31m+             'USER',[39m
[31m+             {[39m
[31m+                 documentId: pending.source.documentId,[39m
[31m+                 fileName: pending.source.fileName,[39m
[31m+                 includedResultCount: includedResultIds.size,[39m
[31m+             },[39m
[31m+         );[39m
[31m+         onCancel();[39m
[31m+     }, [[39m
[31m+         includedResultIds.size,[39m
[31m+         logEvent,[39m
[31m+         onCancel,[39m
[31m+         patientId,[39m
[31m+         pending.source.documentId,[39m
[31m+         pending.source.fileName,[39m
[31m+     ]);[39m
[31m+[39m
[31m+     useEffect(() => {[39m
[31m+         const handleEscape = (event: KeyboardEvent) => {[39m
[31m+             if (event.key === 'Escape') cancelReview();[39m
[31m+         };[39m
[31m+         window.addEventListener('keydown', handleEscape);[39m
[31m+         return () => window.removeEventListener('keydown', handleEscape);[39m
[31m+     }, [cancelReview]);[39m
[31m+[39m
[31m+     const setReportField = <K extends keyof ReviewedDiagnosticReportDraft>([39m
[31m+         field: K,[39m
[31m+         value: ReviewedDiagnosticReportDraft[K],[39m
[31m+     ) => {[39m
[31m+         setCommitError(null);[39m
[31m+         setDraft(current => ({ ...current, [field]: value }));[39m
[31m+     };[39m
[31m+[39m
[31m+     const updateResult = ([39m
[31m+         localId: string,[39m
[31m+         patch: Partial<ReviewedObservationDraft>,[39m
[31m+     ) => {[39m
[31m+         setCommitError(null);[39m
[31m+         setDraft(current => ({[39m
[31m+             ...current,[39m
[31m+             results: current.results.map(result =>[39m
[31m+                 result.localId === localId[39m
[31m+                     ? { ...result, ...patch }[39m
[31m+                     : result),[39m
[31m+         }));[39m
[31m+     };[39m
[31m+[39m
[31m+     const updateResultSource = ([39m
[31m+         localId: string,[39m
[31m+         patch: NonNullable<ReviewedObservationDraft['source']>,[39m
[31m+     ) => {[39m
[31m+         setCommitError(null);[39m
[31m+         setDraft(current => ({[39m
[31m+             ...current,[39m
[31m+             results: current.results.map(result =>[39m
[31m+                 result.localId === localId[39m
[31m+                     ? {[39m
[31m+                         ...result,[39m
[31m+                         source: { ...(result.source || {}), ...patch },[39m
[31m+                     }[39m
[31m+                     : result),[39m
[31m+         }));[39m
[31m+     };[39m
[31m+[39m
[31m+     const toggleResult = (localId: string) => {[39m
[31m+         setCommitError(null);[39m
[31m+         setIncludedResultIds(current => {[39m
[31m+             const next = new Set(current);[39m
[31m+             if (next.has(localId)) next.delete(localId);[39m
[31m+             else next.add(localId);[39m
[31m+             return next;[39m
[31m+         });[39m
[31m+     };[39m
[31m+[39m
[31m+     const addResult = () => {[39m
[31m+         const localId = `manual-result-${Date.now()}-${draft.results.length + 1}`;[39m
[31m+         const result: ReviewedObservationDraft = {[39m
[31m+             localId,[39m
[31m+             testName: '',[39m
[31m+             status: 'unknown',[39m
[31m+             categoryTexts: ['Laboratory'],[39m
[31m+             valueText: null,[39m
[31m+             source: {},[39m
[31m+         };[39m
[31m+         setDraft(current => ({[39m
[31m+             ...current,[39m
[31m+             results: [...current.results, result],[39m
[31m+         }));[39m
[31m+         setIncludedResultIds(current => new Set([...current, localId]));[39m
[31m+     };[39m
[31m+[39m
[31m+     const updateSpecimen = ([39m
[31m+         localId: string,[39m
[31m+         patch: Partial<ReviewedSpecimenDraft>,[39m
[31m+     ) => {[39m
[31m+         setCommitError(null);[39m
[31m+         setDraft(current => ({[39m
[31m+             ...current,[39m
[31m+             specimens: (current.specimens || []).map(specimen =>[39m
[31m+                 specimen.localId === localId[39m
[31m+                     ? { ...specimen, ...patch }[39m
[31m+                     : specimen),[39m
[31m+         }));[39m
[31m+     };[39m
[31m+[39m
[31m+     const addSpecimen = () => {[39m
[31m+         const localId = `review-specimen-${Date.now()}-${(draft.specimens || []).length + 1}`;[39m
[31m+         const specimen: ReviewedSpecimenDraft = {[39m
[31m+             localId,[39m
[31m+             status: 'unknown',[39m
[31m+             collectedDate: null,[39m
[31m+             receivedDate: null,[39m
[31m+         };[39m
[31m+         setDraft(current => ({[39m
[31m+             ...current,[39m
[31m+             specimens: [...(current.specimens || []), specimen],[39m
[31m+         }));[39m
[31m+     };[39m
[31m+[39m
[31m+     const removeSpecimen = (localId: string) => {[39m
[31m+         setCommitError(null);[39m
[31m+         setDraft(current => ({[39m
[31m+             ...current,[39m
[31m+             specimens: (current.specimens || []).filter(specimen =>[39m
[31m+                 specimen.localId !== localId),[39m
[31m+             results: current.results.map(result =>[39m
[31m+                 result.specimenLocalId === localId[39m
[31m+                     ? { ...result, specimenLocalId: undefined }[39m
[31m+                     : result),[39m
[31m+         }));[39m
[31m+     };[39m
[31m+[39m
[31m+     const prepared = useMemo<{[39m
[31m+         value?: PreparedReview;[39m
[31m+         error?: string;[39m
[31m+     }>(() => {[39m
[31m+         const results = draft.results.filter(result =>[39m
[31m+             includedResultIds.has(result.localId));[39m
[31m+         if (results.length === 0) {[39m
[31m+             return {[39m
[31m+                 error:[39m
[31m+                     'At least one reviewed result must remain included before the report can be confirmed.',[39m
[31m+             };[39m
[31m+         }[39m
[31m+[39m
[31m+         try {[39m
[31m+             const reviewedAt = pending.detectedAt;[39m
[31m+             const withoutEvidence: ReviewedDiagnosticReportDraft = {[39m
[31m+                 ...draft,[39m
[31m+                 patientId,[39m
[31m+                 results,[39m
[31m+                 verificationStatus: 'confirmed',[39m
[31m+                 reviewedAt,[39m
[31m+                 reviewedBy: REVIEW_ACTOR,[39m
[31m+             };[39m
[31m+             const evidence = buildDiagnosticReviewEvidence({[39m
[31m+                 initial: seed.draft,[39m
[31m+                 reviewed: withoutEvidence,[39m
[31m+                 includedResultIds,[39m
[31m+                 reason: reviewReason.trim() || DEFAULT_REVIEW_REASON,[39m
[31m+             });[39m
[31m+             const resolution = conflictDecision[39m
[31m+                 && relatedReportId[39m
[31m+                 && conflictReason.trim()[39m
[31m+                 ? {[39m
[31m+                     relatedReportId,[39m
[31m+                     decision: conflictDecision,[39m
[31m+                     reason: conflictReason.trim(),[39m
[31m+                 }[39m
[31m+                 : undefined;[39m
[31m+             const reviewedDraft: ReviewedDiagnosticReportDraft = {[39m
[31m+                 ...withoutEvidence,[39m
[31m+                 ...(evidence ? { reviewEvidence: evidence } : {}),[39m
[31m+                 ...(resolution ? { conflictResolution: resolution } : {}),[39m
[31m+             };[39m
[31m+             const bundle = buildReviewedDiagnosticReportBundle(reviewedDraft, {[39m
[31m+                 now: reviewedAt,[39m
[31m+                 actor: REVIEW_ACTOR,[39m
[31m+                 record,[39m
[31m+             });[39m
[31m+             const conflicts = analyzeDiagnosticReportConflicts(record, bundle);[39m
[31m+             return {[39m
[31m+                 value: {[39m
[31m+                     draft: reviewedDraft,[39m
[31m+                     ...(evidence ? { evidence } : {}),[39m
[31m+                     bundle,[39m
[31m+                     conflicts,[39m
[31m+                     validation: validateConflictAwareDiagnosticReportBundle({[39m
[31m+                         bundle,[39m
[31m+                         record,[39m
[31m+                         resolution,[39m
[31m+                     }),[39m
[31m+                 },[39m
[31m+             };[39m
[31m+         } catch (error) {[39m
[31m+             return {[39m
[31m+                 error: error instanceof Error[39m
[31m+                     ? error.message[39m
[31m+                     : 'The reviewed diagnostic report is invalid.',[39m
[31m+             };[39m
[31m+         }[39m
[31m+     }, [[39m
[31m+         conflictDecision,[39m
[31m+         conflictReason,[39m
[31m+         draft,[39m
[31m+         includedResultIds,[39m
[31m+         patientId,[39m
[31m+         pending.detectedAt,[39m
[31m+         record,[39m
[31m+         relatedReportId,[39m
[31m+         reviewReason,[39m
[31m+         seed.draft,[39m
[31m+     ]);[39m
[31m+[39m
[31m+     const confirmReview = async () => {[39m
[31m+         if (!prepared.value || !prepared.value.validation.valid) return;[39m
[31m+         setIsSaving(true);[39m
[31m+         setCommitError(null);[39m
[31m+         try {[39m
[31m+             const committedAt = new Date().toISOString();[39m
[31m+             const finalDraft: ReviewedDiagnosticReportDraft = {[39m
[31m+                 ...prepared.value.draft,[39m
[31m+                 reviewedAt: committedAt,[39m
[31m+             };[39m
[31m+             const result = buildAndCommitReviewedDiagnosticReport(finalDraft, {[39m
[31m+                 now: committedAt,[39m
[31m+                 committedAt,[39m
[31m+                 actor: REVIEW_ACTOR,[39m
[31m+             });[39m
[31m+             if (!result.commit.ok) {[39m
[31m+                 setCommitError([39m
[31m+                     result.commit.message[39m
[31m+                     || 'The diagnostic report graph was not saved.',[39m
[31m+                 );[39m
[31m+                 return;[39m
[31m+             }[39m
[31m+[39m
[31m+             const excludedResultCount = seed.draft.results.filter(resultItem =>[39m
[31m+                 !includedResultIds.has(resultItem.localId)).length;[39m
[31m+             const auditType = result.commit.status === 'resolved-duplicate'[39m
[31m+                 ? 'DIAGNOSTIC_REPORT_DUPLICATE_SKIPPED'[39m
[31m+                 : finalDraft.conflictResolution[39m
[31m+                     ? 'DIAGNOSTIC_REPORT_CONFLICT_RESOLVED'[39m
[31m+                     : 'DIAGNOSTIC_REPORT_REVIEW_CONFIRMED';[39m
[31m+             logEvent([39m
[31m+                 auditType,[39m
[31m+                 patientId,[39m
[31m+                 result.commit.status === 'resolved-duplicate'[39m
[31m+                     ? 'Confirmed that the reviewed upload duplicates an existing diagnostic report; no clinical resource was created.'[39m
[31m+                     : finalDraft.conflictResolution[39m
[31m+                         ? 'Confirmed and atomically saved a reviewed diagnostic report relationship while preserving prior versions.'[39m
[31m+                         : 'Confirmed and atomically saved a reviewed diagnostic report graph.',[39m
[31m+                 'USER',[39m
[31m+                 {[39m
[31m+                     reportId: result.commit.reportId,[39m
[31m+                     duplicateOf: result.commit.duplicateOf,[39m
[31m+                     documentId: pending.source.documentId,[39m
[31m+                     createdResourceIds: result.commit.createdResourceIds,[39m
[31m+                     resultCount: result.bundle.observations.length,[39m
[31m+                     specimenCount: result.bundle.specimens.length,[39m
[31m+                     excludedResultCount,[39m
[31m+                     reviewEvidence: finalDraft.reviewEvidence,[39m
[31m+                     conflictResolution: finalDraft.conflictResolution,[39m
[31m+                     warnings: result.bundle.warnings,[39m
[31m+                 },[39m
[31m+             );[39m
[31m+             onSaved(result.commit);[39m
[31m+         } catch (error) {[39m
[31m+             setCommitError([39m
[31m+                 error instanceof Error[39m
[31m+                     ? error.message[39m
[31m+                     : 'The diagnostic report could not be saved.',[39m
[31m+             );[39m
[31m+         } finally {[39m
[31m+             setIsSaving(false);[39m
[31m+         }[39m
[31m+     };[39m
[31m+[39m
[31m+     const validationIssues = prepared.value?.validation.issues || [];[39m
[31m+     const conflictCandidates = prepared.value?.conflicts.candidates || [];[39m
[31m+     const parsingWarnings = prepared.value?.bundle.warnings || [];[39m
[31m+     const evidence = prepared.value?.evidence;[39m
[31m+     const excludedCount = seed.draft.results.length[39m
[31m+         - [...includedResultIds].filter(localId =>[39m
[31m+             seed.draft.results.some(result => result.localId === localId)).length;[39m
[31m+     const resultChangeCount = Object.keys([39m
[31m+         evidence?.resultChanges || {},[39m
[31m+     ).reduce([39m
[31m+         (total, localId) => total[39m
[31m+             + (evidence?.resultChanges?.[localId]?.length || 0),[39m
[31m+         0,[39m
[31m+     );[39m
[31m+     const specimenChangeCount = Object.keys([39m
[31m+         evidence?.specimenChanges || {},[39m
[31m+     ).reduce([39m
[31m+         (total, localId) => total[39m
[31m+             + (evidence?.specimenChanges?.[localId]?.length || 0),[39m
[31m+         0,[39m
[31m+     );[39m
[31m+[39m
[31m+     return ([39m
[31m+         <div[39m
[31m+             className="fixed inset-0 z-[110] bg-slate-950/85 p-2 backdrop-blur-sm sm:p-4"[39m
[31m+             role="dialog"[39m
[31m+             aria-modal="true"[39m
[31m+             aria-labelledby="diagnostic-review-title"[39m
[31m+         >[39m
[31m+             <div className="mx-auto flex h-full w-full max-w-[96rem] flex-col overflow-hidden rounded-2xl border border-slate-700 bg-slate-50 shadow-2xl dark:bg-slate-950">[39m
[31m+                 <header className="flex flex-wrap items-center justify-between gap-3 border-b border-slate-200 bg-white px-4 py-3 dark:border-slate-800 dark:bg-slate-950 sm:px-6">[39m
[31m+                     <div className="flex min-w-0 items-center gap-3">[39m
[31m+                         <span className="flex h-10 w-10 flex-shrink-0 items-center justify-center rounded-xl bg-blue-100 text-blue-700 dark:bg-blue-950/50 dark:text-blue-300">[39m
[31m+                             <BeakerIcon className="h-5 w-5" />[39m
[31m+                         </span>[39m
[31m+                         <div className="min-w-0">[39m
[31m+                             <h2[39m
[31m+                                 id="diagnostic-review-title"[39m
[31m+                                 className="truncate text-base font-bold text-slate-900 dark:text-white"[39m
[31m+                             >[39m
[31m+                                 Review laboratory report[39m
[31m+                             </h2>[39m
[31m+                             <p className="mt-0.5 text-[10px] font-mono uppercase tracking-wider text-slate-500 dark:text-slate-400">[39m
[31m+                                 Original source + report + specimens + results[39m
[31m+                             </p>[39m
[31m+                         </div>[39m
[31m+                     </div>[39m
[31m+                     <button[39m
[31m+                         type="button"[39m
[31m+                         onClick={cancelReview}[39m
[31m+                         className="rounded-xl border border-slate-200 p-2 text-slate-500 transition-colors hover:border-red-300 hover:text-red-600 dark:border-slate-700"[39m
[31m+                         aria-label="Discard diagnostic report review"[39m
[31m+                     >[39m
[31m+                         <XCircleIcon className="h-5 w-5" />[39m
[31m+                     </button>[39m
[31m+                 </header>[39m
[31m+[39m
[31m+                 <div className="grid min-h-0 flex-1 gap-4 overflow-hidden p-3 lg:grid-cols-[minmax(20rem,0.85fr)_minmax(0,1.45fr)] lg:p-4">[39m
[31m+                     <div className="min-h-0 overflow-auto">[39m
[31m+                         {seed.sourceAvailable && pending.source.documentId ? ([39m
[31m+                             <DiagnosticReportSourcePane[39m
[31m+                                 patientId={patientId}[39m
[31m+                                 documentId={pending.source.documentId}[39m
[31m+                                 pageNumber={sourcePage}[39m
[31m+                             />[39m
[31m+                         ) : ([39m
[31m+                             <section className="flex min-h-[24rem] items-center justify-center rounded-2xl border border-amber-200 bg-amber-50 p-6 text-center dark:border-amber-900/50 dark:bg-amber-950/20">[39m
[31m+                                 <div className="max-w-md">[39m
[31m+                                     <DocumentTextIcon className="mx-auto mb-3 h-10 w-10 text-amber-500" />[39m
[31m+                                     <h3 className="text-sm font-bold text-amber-950 dark:text-amber-100">[39m
[31m+                                         Original report not linked[39m
[31m+                                     </h3>[39m
[31m+                                     <p className="mt-2 text-xs leading-relaxed text-amber-800 dark:text-amber-200">[39m
[31m+                                         {seed.sourceWarning}[39m
[31m+                                     </p>[39m
[31m+                                 </div>[39m
[31m+                             </section>[39m
[31m+                         )}[39m
[31m+                     </div>[39m
[31m+[39m
[31m+                     <div className="min-h-0 overflow-y-auto pr-1">[39m
[31m+                         <div className="space-y-4 pb-6">[39m
[31m+                             <section className="rounded-2xl border border-amber-200 bg-amber-50 p-4 dark:border-amber-900/50 dark:bg-amber-950/20">[39m
[31m+                                 <div className="flex items-start gap-3">[39m
[31m+                                     <AlertTriangleIcon className="mt-0.5 h-5 w-5 flex-shrink-0 text-amber-600 dark:text-amber-400" />[39m
[31m+                                     <div>[39m
[31m+                                         <h3 className="text-xs font-bold text-amber-950 dark:text-amber-100">[39m
[31m+                                             Source review is required[39m
[31m+                                         </h3>[39m
[31m+                                         <p className="mt-1 text-xs leading-relaxed text-amber-800 dark:text-amber-200">[39m
[31m+                                             OCR and AI can misread decimal points, comparators, units, dates, and row boundaries. Confirm only what is visible in the original report. A recorded flag or range is not a diagnosis.[39m
[31m+                                         </p>[39m
[31m+                                     </div>[39m
[31m+                                 </div>[39m
[31m+                             </section>[39m
[31m+[39m
[31m+                             <section className="rounded-2xl border border-slate-200 bg-white p-4 dark:border-slate-800 dark:bg-slate-900/60">[39m
[31m+                                 <div className="mb-3 flex items-center justify-between gap-3">[39m
[31m+                                     <div>[39m
[31m+                                         <h3 className="text-sm font-bold text-slate-900 dark:text-white">[39m
[31m+                                             Report metadata[39m
[31m+                                         </h3>[39m
[31m+                                         <p className="mt-1 text-[10px] text-slate-500 dark:text-slate-400">[39m
[31m+                                             Dates may be YYYY-MM-DD, YYYY-MM, or YYYY. Leave blank when unknown.[39m
[31m+                                         </p>[39m
[31m+                                     </div>[39m
[31m+                                     <span className="rounded-full bg-slate-100 px-2.5 py-1 font-mono text-[10px] text-slate-500 dark:bg-slate-800">[39m
[31m+                                         {pending.extractionEngine}[39m
[31m+                                     </span>[39m
[31m+                                 </div>[39m
[31m+                                 <div className="grid gap-3 sm:grid-cols-2">[39m
[31m+                                     <label className="block sm:col-span-2">[39m
[31m+                                         <span className={labelClass}>Report title</span>[39m
[31m+                                         <input[39m
[31m+                                             value={draft.reportTitle}[39m
[31m+                                             onChange={event => setReportField([39m
[31m+                                                 'reportTitle',[39m
[31m+                                                 event.target.value,[39m
[31m+                                             )}[39m
[31m+                                             className={inputClass}[39m
[31m+                                         />[39m
[31m+                                     </label>[39m
[31m+                                     <label className="block">[39m
[31m+                                         <span className={labelClass}>Status</span>[39m
[31m+                                         <select[39m
[31m+                                             value={draft.status || 'unknown'}[39m
[31m+                                             onChange={event => setReportField([39m
[31m+                                                 'status',[39m
[31m+                                                 event.target.value as ReviewedDiagnosticReportDraft['status'],[39m
[31m+                                             )}[39m
[31m+                                             className={inputClass}[39m
[31m+                                         >[39m
[31m+                                             {REPORT_STATUSES.map(status => ([39m
[31m+                                                 <option key={status} value={status}>[39m
[31m+                                                     {fieldLabel(status)}[39m
[31m+                                                 </option>[39m
[31m+                                             ))}[39m
[31m+                                         </select>[39m
[31m+                                     </label>[39m
[31m+                                     <label className="block">[39m
[31m+                                         <span className={labelClass}>Clinical report date</span>[39m
[31m+                                         <input[39m
[31m+                                             value={draft.effectiveDate || ''}[39m
[31m+                                             onChange={event => setReportField([39m
[31m+                                                 'effectiveDate',[39m
[31m+                                                 nullableText(event.target.value),[39m
[31m+                                             )}[39m
[31m+                                             placeholder="YYYY-MM-DD, YYYY-MM, YYYY, or blank"[39m
[31m+                                             className={inputClass}[39m
[31m+                                         />[39m
[31m+                                     </label>[39m
[31m+                                     <label className="block">[39m
[31m+                                         <span className={labelClass}>Issued date-time</span>[39m
[31m+                                         <input[39m
[31m+                                             value={draft.issuedAt || ''}[39m
[31m+                                             onChange={event => setReportField([39m
[31m+                                                 'issuedAt',[39m
[31m+                                                 nullableText(event.target.value),[39m
[31m+                                             )}[39m
[31m+                                             placeholder="ISO date-time or blank"[39m
[31m+                                             className={inputClass}[39m
[31m+                                         />[39m
[31m+                                     </label>[39m
[31m+                                     <label className="block">[39m
[31m+                                         <span className={labelClass}>Performer</span>[39m
[31m+                                         <input[39m
[31m+                                             value={(draft.performer || []).join(', ')}[39m
[31m+                                             onChange={event => setReportField([39m
[31m+                                                 'performer',[39m
[31m+                                                 splitPeople(event.target.value),[39m
[31m+                                             )}[39m
[31m+                                             placeholder="Laboratory or organization"[39m
[31m+                                             className={inputClass}[39m
[31m+                                         />[39m
[31m+                                     </label>[39m
[31m+                                     <label className="block sm:col-span-2">[39m
[31m+                                         <span className={labelClass}>Accession identifier</span>[39m
[31m+                                         <input[39m
[31m+                                             value={draft.accessionIdentifier?.value || ''}[39m
[31m+                                             onChange={event => setReportField([39m
[31m+                                                 'accessionIdentifier',[39m
[31m+                                                 optionalText(event.target.value)[39m
[31m+                                                     ? {[39m
[31m+                                                         ...(draft.accessionIdentifier || {}),[39m
[31m+                                                         value: event.target.value.trim(),[39m
[31m+                                                     }[39m
[31m+                                                     : undefined,[39m
[31m+                                             )}[39m
[31m+                                             placeholder="Optional source accession number"[39m
[31m+                                             className={inputClass}[39m
[31m+                                         />[39m
[31m+                                     </label>[39m
[31m+                                     <label className="block sm:col-span-2">[39m
[31m+                                         <span className={labelClass}>Conclusion / report comment</span>[39m
[31m+                                         <textarea[39m
[31m+                                             value={draft.conclusion || ''}[39m
[31m+                                             onChange={event => setReportField([39m
[31m+                                                 'conclusion',[39m
[31m+                                                 optionalText(event.target.value),[39m
[31m+                                             )}[39m
[31m+                                             rows={3}[39m
[31m+                                             className={inputClass}[39m
[31m+                                         />[39m
[31m+                                     </label>[39m
[31m+                                 </div>[39m
[31m+                             </section>[39m
[31m+[39m
[31m+                             <section className="rounded-2xl border border-slate-200 bg-white p-4 dark:border-slate-800 dark:bg-slate-900/60">[39m
[31m+                                 <div className="mb-3 flex items-center justify-between gap-3">[39m
[31m+                                     <div>[39m
[31m+                                         <h3 className="text-sm font-bold text-slate-900 dark:text-white">[39m
[31m+                                             Specimens[39m
[31m+                                         </h3>[39m
[31m+                                         <p className="mt-1 text-[10px] text-slate-500 dark:text-slate-400">[39m
[31m+                                             Sample details belong to a specimen, not to every result row.[39m
[31m+                                         </p>[39m
[31m+                                     </div>[39m
[31m+                                     <button[39m
[31m+                                         type="button"[39m
[31m+                                         onClick={addSpecimen}[39m
[31m+                                         className="rounded-lg border border-blue-200 px-3 py-2 text-[10px] font-bold uppercase tracking-wider text-blue-700 hover:bg-blue-50 dark:border-blue-900 dark:text-blue-300 dark:hover:bg-blue-950/30"[39m
[31m+                                     >[39m
[31m+                                         Add specimen[39m
[31m+                                     </button>[39m
[31m+                                 </div>[39m
[31m+[39m
[31m+                                 {(draft.specimens || []).length === 0 ? ([39m
[31m+                                     <p className="rounded-xl border border-dashed border-slate-200 p-4 text-center text-xs text-slate-500 dark:border-slate-700">[39m
[31m+                                         No specimen details were extracted. Leave this empty rather than inventing a sample.[39m
[31m+                                     </p>[39m
[31m+                                 ) : ([39m
[31m+                                     <div className="space-y-3">[39m
[31m+                                         {(draft.specimens || []).map((specimen, index) => ([39m
[31m+                                             <article[39m
[31m+                                                 key={specimen.localId}[39m
[31m+                                                 className="rounded-xl border border-slate-200 p-3 dark:border-slate-700"[39m
[31m+                                             >[39m
[31m+                                                 <div className="mb-2 flex items-center justify-between gap-3">[39m
[31m+                                                     <h4 className="text-xs font-bold text-slate-800 dark:text-slate-100">[39m
[31m+                                                         Specimen {index + 1}[39m
[31m+                                                     </h4>[39m
[31m+                                                     <button[39m
[31m+                                                         type="button"[39m
[31m+                                                         onClick={() => removeSpecimen(specimen.localId)}[39m
[31m+                                                         className="text-[10px] font-bold uppercase tracking-wider text-red-600 hover:underline"[39m
[31m+                                                     >[39m
[31m+                                                         Remove[39m
[31m+                                                     </button>[39m
[31m+                                                 </div>[39m
[31m+                                                 <div className="grid gap-3 sm:grid-cols-2 lg:grid-cols-3">[39m
[31m+                                                     <label>[39m
[31m+                                                         <span className={labelClass}>Type</span>[39m
[31m+                                                         <input[39m
[31m+                                                             value={specimen.typeText || ''}[39m
[31m+                                                             onChange={event => updateSpecimen([39m
[31m+                                                                 specimen.localId,[39m
[31m+                                                                 { typeText: optionalText(event.target.value) },[39m
[31m+                                                             )}[39m
[31m+                                                             className={inputClass}[39m
[31m+                                                         />[39m
[31m+                                                     </label>[39m
[31m+                                                     <label>[39m
[31m+                                                         <span className={labelClass}>Status</span>[39m
[31m+                                                         <select[39m
[31m+                                                             value={specimen.status || 'unknown'}[39m
[31m+                                                             onChange={event => updateSpecimen([39m
[31m+                                                                 specimen.localId,[39m
[31m+                                                                 {[39m
[31m+                                                                     status: event.target.value as ReviewedSpecimenDraft['status'],[39m
[31m+                                                                 },[39m
[31m+                                                             )}[39m
[31m+                                                             className={inputClass}[39m
[31m+                                                         >[39m
[31m+                                                             {SPECIMEN_STATUSES.map(status => ([39m
[31m+                                                                 <option key={status} value={status}>[39m
[31m+                                                                     {fieldLabel(status)}[39m
[31m+                                                                 </option>[39m
[31m+                                                             ))}[39m
[31m+                                                         </select>[39m
[31m+                                                     </label>[39m
[31m+                                                     <label>[39m
[31m+                                                         <span className={labelClass}>Identifier</span>[39m
[31m+                                                         <input[39m
[31m+                                                             value={specimen.identifiers?.[0]?.value || ''}[39m
[31m+                                                             onChange={event => updateSpecimen([39m
[31m+                                                                 specimen.localId,[39m
[31m+                                                                 {[39m
[31m+                                                                     identifiers: optionalText(event.target.value)[39m
[31m+                                                                         ? [{[39m
[31m+                                                                             ...(specimen.identifiers?.[0] || {}),[39m
[31m+                                                                             value: event.target.value.trim(),[39m
[31m+                                                                         }][39m
[31m+                                                                         : undefined,[39m
[31m+                                                                 },[39m
[31m+                                                             )}[39m
[31m+                                                             className={inputClass}[39m
[31m+                                                         />[39m
[31m+                                                     </label>[39m
[31m+                                                     <label>[39m
[31m+                                                         <span className={labelClass}>Collected date</span>[39m
[31m+                                                         <input[39m
[31m+                                                             value={specimen.collectedDate || ''}[39m
[31m+                                                             onChange={event => updateSpecimen([39m
[31m+                                                                 specimen.localId,[39m
[31m+                                                                 {[39m
[31m+                                                                     collectedDate: nullableText(event.target.value),[39m
[31m+                                                                 },[39m
[31m+                                                             )}[39m
[31m+                                                             className={inputClass}[39m
[31m+                                                         />[39m
[31m+                                                     </label>[39m
[31m+                                                     <label>[39m
[31m+                                                         <span className={labelClass}>Received date</span>[39m
[31m+                                                         <input[39m
[31m+                                                             value={specimen.receivedDate || ''}[39m
[31m+                                                             onChange={event => updateSpecimen([39m
[31m+                                                                 specimen.localId,[39m
[31m+                                                                 {[39m
[31m+                                                                     receivedDate: nullableText(event.target.value),[39m
[31m+                                                                 },[39m
[31m+                                                             )}[39m
[31m+                                                             className={inputClass}[39m
[31m+                                                         />[39m
[31m+                                                     </label>[39m
[31m+                                                     <label>[39m
[31m+                                                         <span className={labelClass}>Collector</span>[39m
[31m+                                                         <input[39m
[31m+                                                             value={specimen.collector || ''}[39m
[31m+                                                             onChange={event => updateSpecimen([39m
[31m+                                                                 specimen.localId,[39m
[31m+                                                                 { collector: optionalText(event.target.value) },[39m
[31m+                                                             )}[39m
[31m+                                                             className={inputClass}[39m
[31m+                                                         />[39m
[31m+                                                     </label>[39m
[31m+                                                     <label>[39m
[31m+                                                         <span className={labelClass}>Body site</span>[39m
[31m+                                                         <input[39m
[31m+                                                             value={specimen.bodySiteText || ''}[39m
[31m+                                                             onChange={event => updateSpecimen([39m
[31m+                                                                 specimen.localId,[39m
[31m+                                                                 { bodySiteText: optionalText(event.target.value) },[39m
[31m+                                                             )}[39m
[31m+                                                             className={inputClass}[39m
[31m+                                                         />[39m
[31m+                                                     </label>[39m
[31m+                                                     <label>[39m
[31m+                                                         <span className={labelClass}>Collection method</span>[39m
[31m+                                                         <input[39m
[31m+                                                             value={specimen.collectionMethodText || ''}[39m
[31m+                                                             onChange={event => updateSpecimen([39m
[31m+                                                                 specimen.localId,[39m
[31m+                                                                 {[39m
[31m+                                                                     collectionMethodText: optionalText(event.target.value),[39m
[31m+                                                                 },[39m
[31m+                                                             )}[39m
[31m+                                                             className={inputClass}[39m
[31m+                                                         />[39m
[31m+                                                     </label>[39m
[31m+                                                     <label className="sm:col-span-2 lg:col-span-3">[39m
[31m+                                                         <span className={labelClass}>Notes</span>[39m
[31m+                                                         <input[39m
[31m+                                                             value={specimen.note || ''}[39m
[31m+                                                             onChange={event => updateSpecimen([39m
[31m+                                                                 specimen.localId,[39m
[31m+                                                                 { note: optionalText(event.target.value) },[39m
[31m+                                                             )}[39m
[31m+                                                             className={inputClass}[39m
[31m+                                                         />[39m
[31m+                                                     </label>[39m
[31m+                                                 </div>[39m
[31m+                                             </article>[39m
[31m+                                         ))}[39m
[31m+                                     </div>[39m
[31m+                                 )}[39m
[31m+                             </section>[39m
[31m+[39m
[31m+                             <section className="rounded-2xl border border-slate-200 bg-white p-4 dark:border-slate-800 dark:bg-slate-900/60">[39m
[31m+                                 <div className="mb-3 flex items-center justify-between gap-3">[39m
[31m+                                     <div>[39m
[31m+                                         <h3 className="text-sm font-bold text-slate-900 dark:text-white">[39m
[31m+                                             Results[39m
[31m+                                         </h3>[39m
[31m+                                         <p className="mt-1 text-[10px] text-slate-500 dark:text-slate-400">[39m
[31m+                                             Include only rows confirmed against the original report. Qualitative, comparator, textual, and absent results are supported.[39m
[31m+                                         </p>[39m
[31m+                                     </div>[39m
[31m+                                     <button[39m
[31m+                                         type="button"[39m
[31m+                                         onClick={addResult}[39m
[31m+                                         className="rounded-lg border border-blue-200 px-3 py-2 text-[10px] font-bold uppercase tracking-wider text-blue-700 hover:bg-blue-50 dark:border-blue-900 dark:text-blue-300 dark:hover:bg-blue-950/30"[39m
[31m+                                     >[39m
[31m+                                         Add result[39m
[31m+                                     </button>[39m
[31m+                                 </div>[39m
[31m+                                 <div className="space-y-3">[39m
[31m+                                     {draft.results.map((result, index) => {[39m
[31m+                                         const included = includedResultIds.has(result.localId);[39m
[31m+                                         const pageNumber = result.source?.pageNumber;[39m
[31m+                                         return ([39m
[31m+                                             <article[39m
[31m+                                                 key={result.localId}[39m
[31m+                                                 className={`rounded-xl border p-3 transition-colors ${included[39m
[31m+                                                     ? 'border-slate-200 bg-white dark:border-slate-700 dark:bg-slate-950/40'[39m
[31m+                                                     : 'border-slate-200 bg-slate-100 opacity-70 dark:border-slate-800 dark:bg-slate-950/20'[39m
[31m+                                                 }`}[39m
[31m+                                             >[39m
[31m+                                                 <div className="mb-3 flex flex-wrap items-center justify-between gap-3">[39m
[31m+                                                     <label className="flex cursor-pointer items-center gap-2">[39m
[31m+                                                         <input[39m
[31m+                                                             type="checkbox"[39m
[31m+                                                             checked={included}[39m
[31m+                                                             onChange={() => toggleResult(result.localId)}[39m
[31m+                                                         />[39m
[31m+                                                         <span className="text-xs font-bold text-slate-800 dark:text-slate-100">[39m
[31m+                                                             Result {index + 1}: {result.testName || 'Untitled'}[39m
[31m+                                                         </span>[39m
[31m+                                                     </label>[39m
[31m+                                                     <div className="flex items-center gap-2">[39m
[31m+                                                         {pageNumber && ([39m
[31m+                                                             <button[39m
[31m+                                                                 type="button"[39m
[31m+                                                                 onClick={() => setSourcePage(pageNumber)}[39m
[31m+                                                                 className="rounded-lg border border-slate-200 px-2 py-1 font-mono text-[10px] text-blue-600 hover:bg-blue-50 dark:border-slate-700 dark:text-blue-300"[39m
[31m+                                                             >[39m
[31m+                                                                 View page {pageNumber}[39m
[31m+                                                             </button>[39m
[31m+                                                         )}[39m
[31m+                                                         <span className={`rounded-full px-2 py-1 font-mono text-[9px] uppercase tracking-wider ${included[39m
[31m+                                                             ? 'bg-emerald-100 text-emerald-700 dark:bg-emerald-950/40 dark:text-emerald-300'[39m
[31m+                                                             : 'bg-slate-200 text-slate-600 dark:bg-slate-800 dark:text-slate-400'[39m
[31m+                                                         }`}>[39m
[31m+                                                             {included ? 'Included' : 'Excluded'}[39m
[31m+                                                         </span>[39m
[31m+                                                     </div>[39m
[31m+                                                 </div>[39m
[31m+[39m
[31m+                                                 <div className="grid gap-3 sm:grid-cols-2 lg:grid-cols-4">[39m
[31m+                                                     <label className="sm:col-span-2">[39m
[31m+                                                         <span className={labelClass}>Test name</span>[39m
[31m+                                                         <input[39m
[31m+                                                             value={result.testName}[39m
[31m+                                                             onChange={event => updateResult([39m
[31m+                                                                 result.localId,[39m
[31m+                                                                 { testName: event.target.value },[39m
[31m+                                                             )}[39m
[31m+                                                             className={inputClass}[39m
[31m+                                                         />[39m
[31m+                                                     </label>[39m
[31m+                                                     <label>[39m
[31m+                                                         <span className={labelClass}>LOINC</span>[39m
[31m+                                                         <input[39m
[31m+                                                             value={result.loincCode || ''}[39m
[31m+                                                             onChange={event => updateResult([39m
[31m+                                                                 result.localId,[39m
[31m+                                                                 { loincCode: optionalText(event.target.value) },[39m
[31m+                                                             )}[39m
[31m+                                                             className={inputClass}[39m
[31m+                                                         />[39m
[31m+                                                     </label>[39m
[31m+                                                     <label>[39m
[31m+                                                         <span className={labelClass}>Status</span>[39m
[31m+                                                         <select[39m
[31m+                                                             value={result.status || 'unknown'}[39m
[31m+                                                             onChange={event => updateResult([39m
[31m+                                                                 result.localId,[39m
[31m+                                                                 {[39m
[31m+                                                                     status: event.target.value as ReviewedObservationDraft['status'],[39m
[31m+                                                                 },[39m
[31m+                                                             )}[39m
[31m+                                                             className={inputClass}[39m
[31m+                                                         >[39m
[31m+                                                             {RESULT_STATUSES.map(status => ([39m
[31m+                                                                 <option key={status} value={status}>[39m
[31m+                                                                     {fieldLabel(status)}[39m
[31m+                                                                 </option>[39m
[31m+                                                             ))}[39m
[31m+                                                         </select>[39m
[31m+                                                     </label>[39m
[31m+                                                     <label>[39m
[31m+                                                         <span className={labelClass}>Value</span>[39m
[31m+                                                         <input[39m
[31m+                                                             value={result.valueText || ''}[39m
[31m+                                                             onChange={event => updateResult([39m
[31m+                                                                 result.localId,[39m
[31m+                                                                 { valueText: nullableText(event.target.value) },[39m
[31m+                                                             )}[39m
[31m+                                                             placeholder="5.7, <5, Negative, text…"[39m
[31m+                                                             className={inputClass}[39m
[31m+                                                         />[39m
[31m+                                                     </label>[39m
[31m+                                                     <label>[39m
[31m+                                                         <span className={labelClass}>Unit</span>[39m
[31m+                                                         <input[39m
[31m+                                                             value={result.unitText || ''}[39m
[31m+                                                             onChange={event => updateResult([39m
[31m+                                                                 result.localId,[39m
[31m+                                                                 { unitText: nullableText(event.target.value) },[39m
[31m+                                                             )}[39m
[31m+                                                             className={inputClass}[39m
[31m+                                                         />[39m
[31m+                                                     </label>[39m
[31m+                                                     <label>[39m
[31m+                                                         <span className={labelClass}>Reference range</span>[39m
[31m+                                                         <input[39m
[31m+                                                             value={result.referenceRangeText || ''}[39m
[31m+                                                             onChange={event => updateResult([39m
[31m+                                                                 result.localId,[39m
[31m+                                                                 {[39m
[31m+                                                                     referenceRangeText: nullableText(event.target.value),[39m
[31m+                                                                 },[39m
[31m+                                                             )}[39m
[31m+                                                             className={inputClass}[39m
[31m+                                                         />[39m
[31m+                                                     </label>[39m
[31m+                                                     <label>[39m
[31m+                                                         <span className={labelClass}>Interpretation flag</span>[39m
[31m+                                                         <input[39m
[31m+                                                             value={result.interpretationText || ''}[39m
[31m+                                                             onChange={event => updateResult([39m
[31m+                                                                 result.localId,[39m
[31m+                                                                 {[39m
[31m+                                                                     interpretationText: nullableText(event.target.value),[39m
[31m+                                                                 },[39m
[31m+                                                             )}[39m
[31m+                                                             placeholder="High, low, abnormal…"[39m
[31m+                                                             className={inputClass}[39m
[31m+                                                         />[39m
[31m+                                                     </label>[39m
[31m+                                                     <label className="sm:col-span-2">[39m
[31m+                                                         <span className={labelClass}>Absent-result reason</span>[39m
[31m+                                                         <input[39m
[31m+                                                             value={result.absentReasonText || ''}[39m
[31m+                                                             onChange={event => updateResult([39m
[31m+                                                                 result.localId,[39m
[31m+                                                                 {[39m
[31m+                                                                     absentReasonText: nullableText(event.target.value),[39m
[31m+                                                                 },[39m
[31m+                                                             )}[39m
[31m+                                                             placeholder="Use when no result value exists"[39m
[31m+                                                             className={inputClass}[39m
[31m+                                                         />[39m
[31m+                                                     </label>[39m
[31m+                                                     <label>[39m
[31m+                                                         <span className={labelClass}>Clinical date</span>[39m
[31m+                                                         <input[39m
[31m+                                                             value={result.clinicalDate || ''}[39m
[31m+                                                             onChange={event => updateResult([39m
[31m+                                                                 result.localId,[39m
[31m+                                                                 {[39m
[31m+                                                                     clinicalDate: nullableText(event.target.value),[39m
[31m+                                                                 },[39m
[31m+                                                             )}[39m
[31m+                                                             className={inputClass}[39m
[31m+                                                         />[39m
[31m+                                                     </label>[39m
[31m+                                                     <label>[39m
[31m+                                                         <span className={labelClass}>Issued date-time</span>[39m
[31m+                                                         <input[39m
[31m+                                                             value={result.issuedAt || ''}[39m
[31m+                                                             onChange={event => updateResult([39m
[31m+                                                                 result.localId,[39m
[31m+                                                                 { issuedAt: nullableText(event.target.value) },[39m
[31m+                                                             )}[39m
[31m+                                                             className={inputClass}[39m
[31m+                                                         />[39m
[31m+                                                     </label>[39m
[31m+                                                     <label>[39m
[31m+                                                         <span className={labelClass}>Specimen</span>[39m
[31m+                                                         <select[39m
[31m+                                                             value={result.specimenLocalId || ''}[39m
[31m+                                                             onChange={event => updateResult([39m
[31m+                                                                 result.localId,[39m
[31m+                                                                 {[39m
[31m+                                                                     specimenLocalId: optionalText(event.target.value),[39m
[31m+                                                                 },[39m
[31m+                                                             )}[39m
[31m+                                                             className={inputClass}[39m
[31m+                                                         >[39m
[31m+                                                             <option value="">Not linked</option>[39m
[31m+                                                             {(draft.specimens || []).map(specimen => ([39m
[31m+                                                                 <option[39m
[31m+                                                                     key={specimen.localId}[39m
[31m+                                                                     value={specimen.localId}[39m
[31m+                                                                 >[39m
[31m+                                                                     {specimen.typeText || specimen.localId}[39m
[31m+                                                                 </option>[39m
[31m+                                                             ))}[39m
[31m+                                                         </select>[39m
[31m+                                                     </label>[39m
[31m+                                                     <label>[39m
[31m+                                                         <span className={labelClass}>Source page</span>[39m
[31m+                                                         <input[39m
[31m+                                                             type="number"[39m
[31m+                                                             min="1"[39m
[31m+                                                             value={result.source?.pageNumber || ''}[39m
[31m+                                                             onChange={event => updateResultSource([39m
[31m+                                                                 result.localId,[39m
[31m+                                                                 {[39m
[31m+                                                                     pageNumber: Number(event.target.value) > 0[39m
[31m+                                                                         ? Number(event.target.value)[39m
[31m+                                                                         : undefined,[39m
[31m+                                                                 },[39m
[31m+                                                             )}[39m
[31m+                                                             className={inputClass}[39m
[31m+                                                         />[39m
[31m+                                                     </label>[39m
[31m+                                                     <label>[39m
[31m+                                                         <span className={labelClass}>Section</span>[39m
[31m+                                                         <input[39m
[31m+                                                             value={result.source?.section || ''}[39m
[31m+                                                             onChange={event => updateResultSource([39m
[31m+                                                                 result.localId,[39m
[31m+                                                                 { section: optionalText(event.target.value) },[39m
[31m+                                                             )}[39m
[31m+                                                             className={inputClass}[39m
[31m+                                                         />[39m
[31m+                                                     </label>[39m
[31m+                                                     <label>[39m
[31m+                                                         <span className={labelClass}>Method</span>[39m
[31m+                                                         <input[39m
[31m+                                                             value={result.methodText || ''}[39m
[31m+                                                             onChange={event => updateResult([39m
[31m+                                                                 result.localId,[39m
[31m+                                                                 { methodText: optionalText(event.target.value) },[39m
[31m+                                                             )}[39m
[31m+                                                             className={inputClass}[39m
[31m+                                                         />[39m
[31m+                                                     </label>[39m
[31m+                                                     <label>[39m
[31m+                                                         <span className={labelClass}>Body site</span>[39m
[31m+                                                         <input[39m
[31m+                                                             value={result.bodySiteText || ''}[39m
[31m+                                                             onChange={event => updateResult([39m
[31m+                                                                 result.localId,[39m
[31m+                                                                 { bodySiteText: optionalText(event.target.value) },[39m
[31m+                                                             )}[39m
[31m+                                                             className={inputClass}[39m
[31m+                                                         />[39m
[31m+                                                     </label>[39m
[31m+                                                     <label className="sm:col-span-2 lg:col-span-4">[39m
[31m+                                                         <span className={labelClass}>Source excerpt</span>[39m
[31m+                                                         <textarea[39m
[31m+                                                             value={result.source?.excerpt || ''}[39m
[31m+                                                             onChange={event => updateResultSource([39m
[31m+                                                                 result.localId,[39m
[31m+                                                                 { excerpt: optionalText(event.target.value) },[39m
[31m+                                                             )}[39m
[31m+                                                             rows={2}[39m
[31m+                                                             className={inputClass}[39m
[31m+                                                         />[39m
[31m+                                                     </label>[39m
[31m+                                                     <label className="sm:col-span-2 lg:col-span-4">[39m
[31m+                                                         <span className={labelClass}>Notes</span>[39m
[31m+                                                         <input[39m
[31m+                                                             value={result.note || ''}[39m
[31m+                                                             onChange={event => updateResult([39m
[31m+                                                                 result.localId,[39m
[31m+                                                                 { note: optionalText(event.target.value) },[39m
[31m+                                                             )}[39m
[31m+                                                             className={inputClass}[39m
[31m+                                                         />[39m
[31m+                                                     </label>[39m
[31m+                                                 </div>[39m
[31m+                                             </article>[39m
[31m+                                         );[39m
[31m+                                     })}[39m
[31m+                                 </div>[39m
[31m+                             </section>[39m
[31m+[39m
[31m+[39m
[31m+                             {conflictCandidates.length > 0 && ([39m
[31m+                                 <section className="rounded-2xl border border-violet-200 bg-violet-50 p-4 dark:border-violet-900/50 dark:bg-violet-950/20">[39m
[31m+                                     <div className="flex items-start gap-3">[39m
[31m+                                         <AlertTriangleIcon className="mt-0.5 h-5 w-5 flex-shrink-0 text-violet-600 dark:text-violet-300" />[39m
[31m+                                         <div className="min-w-0 flex-1">[39m
[31m+                                             <h3 className="text-sm font-bold text-violet-950 dark:text-violet-100">[39m
[31m+                                                 Potential duplicate or corrected report[39m
[31m+                                             </h3>[39m
[31m+                                             <p className="mt-1 text-xs leading-relaxed text-violet-800 dark:text-violet-200">[39m
[31m+                                                 Blocking matches require an explicit reviewed decision. A corrected or amended report creates a new version and preserves every prior report and result.[39m
[31m+                                             </p>[39m
[31m+                                         </div>[39m
[31m+                                     </div>[39m
[31m+[39m
[31m+                                     <div className="mt-3 space-y-2">[39m
[31m+                                         {conflictCandidates.map(candidate => ([39m
[31m+                                             <article[39m
[31m+                                                 key={candidate.reportId}[39m
[31m+                                                 className={`rounded-xl border p-3 ${candidate.blocking[39m
[31m+                                                     ? 'border-red-200 bg-white dark:border-red-900/60 dark:bg-slate-950/60'[39m
[31m+                                                     : 'border-violet-200 bg-white dark:border-violet-900/50 dark:bg-slate-950/60'[39m
[31m+                                                 }`}[39m
[31m+                                             >[39m
[31m+                                                 <div className="flex flex-wrap items-center gap-2">[39m
[31m+                                                     <span className="text-xs font-bold text-slate-900 dark:text-white">[39m
[31m+                                                         {candidate.reportTitle}[39m
[31m+                                                     </span>[39m
[31m+                                                     <span className="rounded-full bg-slate-100 px-2 py-1 font-mono text-[9px] uppercase tracking-wider text-slate-600 dark:bg-slate-800 dark:text-slate-300">[39m
[31m+                                                         {fieldLabel(candidate.kind)}[39m
[31m+                                                     </span>[39m
[31m+                                                     <span className="rounded-full bg-slate-100 px-2 py-1 font-mono text-[9px] text-slate-500 dark:bg-slate-800">[39m
[31m+                                                         score {candidate.score}[39m
[31m+                                                     </span>[39m
[31m+                                                     {candidate.blocking && ([39m
[31m+                                                         <span className="rounded-full bg-red-100 px-2 py-1 font-mono text-[9px] uppercase tracking-wider text-red-700 dark:bg-red-950/40 dark:text-red-300">[39m
[31m+                                                             Decision required[39m
[31m+                                                         </span>[39m
[31m+                                                     )}[39m
[31m+                                                 </div>[39m
[31m+                                                 <p className="mt-1 text-[10px] text-slate-500 dark:text-slate-400">[39m
[31m+                                                     {candidate.clinicalDateLabel} · {candidate.sourceLabel} · report {candidate.reportId}[39m
[31m+                                                 </p>[39m
[31m+                                                 <ul className="mt-2 list-disc space-y-1 pl-5 text-[10px] text-slate-600 dark:text-slate-300">[39m
[31m+                                                     {candidate.evidence.map(item => ([39m
[31m+                                                         <li key={item}>{item}</li>[39m
[31m+                                                     ))}[39m
[31m+                                                 </ul>[39m
[31m+                                             </article>[39m
[31m+                                         ))}[39m
[31m+                                     </div>[39m
[31m+[39m
[31m+                                     <div className="mt-3 grid gap-3 sm:grid-cols-2">[39m
[31m+                                         <label>[39m
[31m+                                             <span className={labelClass}>Related existing report</span>[39m
[31m+                                             <select[39m
[31m+                                                 value={relatedReportId}[39m
[31m+                                                 onChange={event => setRelatedReportId(event.target.value)}[39m
[31m+                                                 className={inputClass}[39m
[31m+                                             >[39m
[31m+                                                 <option value="">Select a report</option>[39m
[31m+                                                 {conflictCandidates.map(candidate => ([39m
[31m+                                                     <option key={candidate.reportId} value={candidate.reportId}>[39m
[31m+                                                         {candidate.reportTitle} · {fieldLabel(candidate.kind)}[39m
[31m+                                                     </option>[39m
[31m+                                                 ))}[39m
[31m+                                             </select>[39m
[31m+                                         </label>[39m
[31m+                                         <label>[39m
[31m+                                             <span className={labelClass}>Reviewed decision</span>[39m
[31m+                                             <select[39m
[31m+                                                 value={conflictDecision}[39m
[31m+                                                 onChange={event => {[39m
[31m+                                                     const decision = event.target.value as DiagnosticConflictDecision | '';[39m
[31m+                                                     setConflictDecision(decision);[39m
[31m+                                                     if (decision === 'corrects') {[39m
[31m+                                                         setReportField('status', 'corrected');[39m
[31m+                                                     } else if (decision === 'amends') {[39m
[31m+                                                         setReportField('status', 'amended');[39m
[31m+                                                     } else if (decision === 'replaces' && ![[39m
[31m+                                                         'final',[39m
[31m+                                                         'amended',[39m
[31m+                                                         'corrected',[39m
[31m+                                                     ].includes(draft.status || '')) {[39m
[31m+                                                         setReportField('status', 'final');[39m
[31m+                                                     }[39m
[31m+                                                 }}[39m
[31m+                                                 className={inputClass}[39m
[31m+                                             >[39m
[31m+                                                 <option value="">Select a decision</option>[39m
[31m+                                                 <option value="duplicate">Duplicate — do not save another copy</option>[39m
[31m+                                                 <option value="corrects">Corrects the selected report</option>[39m
[31m+                                                 <option value="amends">Amends the selected report</option>[39m
[31m+                                                 <option value="replaces">Replaces the selected report</option>[39m
[31m+                                                 <option value="distinct">Keep both as distinct reports</option>[39m
[31m+                                             </select>[39m
[31m+                                         </label>[39m
[31m+                                         <label className="sm:col-span-2">[39m
[31m+                                             <span className={labelClass}>Conflict-resolution reason</span>[39m
[31m+                                             <textarea[39m
[31m+                                                 value={conflictReason}[39m
[31m+                                                 onChange={event => setConflictReason(event.target.value)}[39m
[31m+                                                 rows={2}[39m
[31m+                                                 placeholder="State what the original reports show and why this relationship is correct."[39m
[31m+                                                 className={inputClass}[39m
[31m+                                             />[39m
[31m+                                         </label>[39m
[31m+                                     </div>[39m
[31m+                                 </section>[39m
[31m+                             )}[39m
[31m+[39m
[31m+                             <section className="rounded-2xl border border-slate-200 bg-white p-4 dark:border-slate-800 dark:bg-slate-900/60">[39m
[31m+                                 <h3 className="text-sm font-bold text-slate-900 dark:text-white">[39m
[31m+                                     Review evidence and graph validation[39m
[31m+                                 </h3>[39m
[31m+                                 <div className="mt-3 grid gap-3 sm:grid-cols-4">[39m
[31m+                                     <div className="rounded-xl bg-slate-100 p-3 dark:bg-slate-800">[39m
[31m+                                         <p className="text-[10px] uppercase tracking-wider text-slate-400">Included</p>[39m
[31m+                                         <p className="mt-1 text-xl font-bold">{includedResultIds.size}</p>[39m
[31m+                                     </div>[39m
[31m+                                     <div className="rounded-xl bg-slate-100 p-3 dark:bg-slate-800">[39m
[31m+                                         <p className="text-[10px] uppercase tracking-wider text-slate-400">Excluded</p>[39m
[31m+                                         <p className="mt-1 text-xl font-bold">{Math.max(0, excludedCount)}</p>[39m
[31m+                                     </div>[39m
[31m+                                     <div className="rounded-xl bg-slate-100 p-3 dark:bg-slate-800">[39m
[31m+                                         <p className="text-[10px] uppercase tracking-wider text-slate-400">Edits</p>[39m
[31m+                                         <p className="mt-1 text-xl font-bold">[39m
[31m+                                             {(evidence?.reportChanges?.length || 0)[39m
[31m+                                                 + resultChangeCount[39m
[31m+                                                 + specimenChangeCount}[39m
[31m+                                         </p>[39m
[31m+                                     </div>[39m
[31m+                                     <div className="rounded-xl bg-slate-100 p-3 dark:bg-slate-800">[39m
[31m+                                         <p className="text-[10px] uppercase tracking-wider text-slate-400">Graph</p>[39m
[31m+                                         <p className={`mt-1 text-sm font-bold ${prepared.value?.validation.valid[39m
[31m+                                             ? 'text-emerald-600'[39m
[31m+                                             : 'text-red-600'[39m
[31m+                                         }`}>[39m
[31m+                                             {prepared.value?.validation.valid[39m
[31m+                                                 ? 'Ready'[39m
[31m+                                                 : 'Blocked'}[39m
[31m+                                         </p>[39m
[31m+                                     </div>[39m
[31m+                                 </div>[39m
[31m+[39m
[31m+                                 <label className="mt-3 block">[39m
[31m+                                     <span className={labelClass}>Review / correction reason</span>[39m
[31m+                                     <textarea[39m
[31m+                                         value={reviewReason}[39m
[31m+                                         onChange={event => setReviewReason(event.target.value)}[39m
[31m+                                         rows={2}[39m
[31m+                                         className={inputClass}[39m
[31m+                                     />[39m
[31m+                                 </label>[39m
[31m+[39m
[31m+                                 {(prepared.error || validationIssues.length > 0) && ([39m
[31m+                                     <div className="mt-3 rounded-xl border border-red-200 bg-red-50 p-3 text-xs text-red-800 dark:border-red-900/50 dark:bg-red-950/20 dark:text-red-200">[39m
[31m+                                         <p className="font-bold">The report graph cannot be confirmed yet.</p>[39m
[31m+                                         <ul className="mt-2 list-disc space-y-1 pl-5">[39m
[31m+                                             {prepared.error && <li>{prepared.error}</li>}[39m
[31m+                                             {validationIssues.map((issue, index) => ([39m
[31m+                                                 <li key={`${issue.code}-${index}`}>[39m
[31m+                                                     {issue.message}[39m
[31m+                                                 </li>[39m
[31m+                                             ))}[39m
[31m+                                         </ul>[39m
[31m+                                     </div>[39m
[31m+                                 )}[39m
[31m+[39m
[31m+                                 {parsingWarnings.length > 0 && ([39m
[31m+                                     <div className="mt-3 rounded-xl border border-amber-200 bg-amber-50 p-3 text-xs text-amber-900 dark:border-amber-900/50 dark:bg-amber-950/20 dark:text-amber-200">[39m
[31m+                                         <p className="font-bold">Review warnings</p>[39m
[31m+                                         <ul className="mt-2 list-disc space-y-1 pl-5">[39m
[31m+                                             {[...new Set(parsingWarnings.map(warning => warning.message))][39m
[31m+                                                 .map(message => <li key={message}>{message}</li>)}[39m
[31m+                                         </ul>[39m
[31m+                                     </div>[39m
[31m+                                 )}[39m
[31m+[39m
[31m+                                 {commitError && ([39m
[31m+                                     <div[39m
[31m+                                         role="alert"[39m
[31m+                                         className="mt-3 rounded-xl border border-red-200 bg-red-50 p-3 text-xs text-red-800 dark:border-red-900/50 dark:bg-red-950/20 dark:text-red-200"[39m
[31m+                                     >[39m
[31m+                                         {commitError}[39m
[31m+                                     </div>[39m
[31m+                                 )}[39m
[31m+                             </section>[39m
[31m+                         </div>[39m
[31m+                     </div>[39m
[31m+                 </div>[39m
[31m+[39m
[31m+                 <footer className="flex flex-wrap items-center justify-between gap-3 border-t border-slate-200 bg-white px-4 py-3 dark:border-slate-800 dark:bg-slate-950 sm:px-6">[39m
[31m+                     <p className="max-w-3xl text-[10px] leading-relaxed text-slate-500 dark:text-slate-400">[39m
[31m+                         Confirmation saves one connected report graph atomically. It does not diagnose the patient, contact a laboratory, or execute care.[39m
[31m+                     </p>[39m
[31m+                     <div className="flex items-center gap-2">[39m
[31m+                         <button[39m
[31m+                             type="button"[39m
[31m+                             onClick={cancelReview}[39m
[31m+                             className="rounded-xl border border-slate-200 px-4 py-2.5 text-xs font-bold text-slate-600 hover:bg-slate-100 dark:border-slate-700 dark:text-slate-300 dark:hover:bg-slate-800"[39m
[31m+                         >[39m
[31m+                             Discard review[39m
[31m+                         </button>[39m
[31m+                         <button[39m
[31m+                             type="button"[39m
[31m+                             onClick={confirmReview}[39m
[31m+                             disabled={[39m
[31m+                                 isSaving[39m
[31m+                                 || !seed.sourceAvailable[39m
[31m+                                 || !prepared.value?.validation.valid[39m
[31m+                             }[39m
[31m+                             className="inline-flex items-center gap-2 rounded-xl bg-blue-600 px-5 py-2.5 text-xs font-bold text-white shadow-lg shadow-blue-500/20 transition-colors hover:bg-blue-500 disabled:cursor-not-allowed disabled:opacity-50"[39m
[31m+                         >[39m
[31m+                             <CheckIcon className="h-4 w-4" />[39m
[31m+                             {isSaving[39m
[31m+                                 ? 'Saving graph…'[39m
[31m+                                 : 'Confirm report graph'}[39m
[31m+                         </button>[39m
[31m+                     </div>[39m
[31m+                 </footer>[39m
[31m+             </div>[39m
[31m+         </div>[39m
[31m+     );[39m
[31m+ };[39m
[31m+[39m
[31m+ export default DiagnosticReportReviewWorkspace;[39m
[31m+[39m

[36m [2m❯[22m tests/diagnosticReportReviewWorkspace.test.ts:[2m20:27[22m[39m
    [90m 18| [39m        [34mexpect[39m(workspace)[33m.[39m[34mtoContain[39m([32m'buildDiagnosticReviewEvidence'[39m)[33m;[39m
    [90m 19| [39m        expect(workspace).toContain('buildAndCommitReviewedDiagnosticR…
    [90m 20| [39m        expect(workspace).toContain('validateDiagnosticReportBundleGra…
    [90m   | [39m                          [31m^[39m
    [90m 21| [39m        [34mexpect[39m(workspace)[33m.[39m[34mtoContain[39m([32m'Confirm report graph'[39m)[33m;[39m
    [90m 22| [39m        [34mexpect[39m(sourcePane)[33m.[39m[34mtoContain[39m([32m'blobStorage.getFile'[39m)[33m;[39m

[31m[2m⎯⎯⎯⎯⎯⎯⎯⎯⎯⎯⎯⎯⎯⎯⎯⎯⎯⎯⎯⎯⎯⎯⎯⎯[1/1]⎯[22m[39m


[2m Test Files [22m [1m[31m1 failed[39m[22m[2m | [22m[1m[32m43 passed[39m[22m[90m (44)[39m
[2m      Tests [22m [1m[31m1 failed[39m[22m[2m | [22m[1m[32m188 passed[39m[22m[90m (189)[39m
[2m   Start at [22m 22:40:07
[2m   Duration [22m 13.23s[2m (transform 1.02s, setup 1.12s, collect 4.01s, tests 686ms, environment 8ms, prepare 2.45s)[22m


::error file=/home/runner/work/MediBrief/MediBrief/tests/diagnosticReportReviewWorkspace.test.ts,title=tests/diagnosticReportReviewWorkspace.test.ts > Phase 4 report-level review workspace contracts > reviews the original source beside the connected report graph,line=20,column=27::AssertionError: expected 'import React, {\n    useCallback,\n  …' to contain 'validateDiagnosticReportBundleGraph'%0A%0A- Expected%0A+ Received%0A%0A- validateDiagnosticReportBundleGraph%0A+ import React, {%0A+     useCallback,%0A+     useEffect,%0A+     useMemo,%0A+     useState,%0A+ } from 'react';%0A+ import {%0A+     AlertTriangleIcon,%0A+     BeakerIcon,%0A+     CheckIcon,%0A+     DocumentTextIcon,%0A+     XCircleIcon,%0A+ } from '../../../components/icons';%0A+ import { useAuditStore } from '../../audit/useAuditStore';%0A+ import { useClinicalRecordStore } from '../../clinical-record';%0A+ import {%0A+     analyzeDiagnosticReportConflicts,%0A+     validateConflictAwareDiagnosticReportBundle,%0A+ } from '../conflicts';%0A+ import {%0A+     buildAndCommitReviewedDiagnosticReport,%0A+     buildReviewedDiagnosticReportBundle,%0A+ } from '../reviewAmendments';%0A+ import { buildDiagnosticReviewEvidence } from '../reviewEvidence';%0A+ import { createLegacyLabReviewSeed } from '../legacyLabReview';%0A+ import type {%0A+     DiagnosticBundleCommitResult,%0A+     DiagnosticConflictDecision,%0A+     DiagnosticReportConflictAnalysis,%0A+     DiagnosticReportReviewEvidence,%0A+     PendingLegacyLabReview,%0A+     ReviewedDiagnosticReportDraft,%0A+     ReviewedObservationDraft,%0A+     ReviewedSpecimenDraft,%0A+ } from '../types';%0A+ import DiagnosticReportSourcePane from './DiagnosticReportSourcePane';%0A+%0A+ const REVIEW_ACTOR = 'Local user';%0A+ const DEFAULT_REVIEW_REASON =%0A+     'Human review corrected or selected the extracted diagnostic report content before confirmation.';%0A+%0A+ const REPORT_STATUSES: NonNullable<%0A+     ReviewedDiagnosticReportDraft['status']%0A+ >[] = [%0A+     'registered',%0A+     'partial',%0A+     'preliminary',%0A+     'final',%0A+     'amended',%0A+     'corrected',%0A+     'cancelled',%0A+     'entered-in-error',%0A+     'unknown',%0A+ ];%0A+%0A+ const RESULT_STATUSES: NonNullable<ReviewedObservationDraft['status']>[] = [%0A+     'registered',%0A+     'preliminary',%0A+     'final',%0A+     'amended',%0A+     'corrected',%0A+     'cancelled',%0A+     'entered-in-error',%0A+     'unknown',%0A+ ];%0A+%0A+ const SPECIMEN_STATUSES: NonNullable<ReviewedSpecimenDraft['status']>[] = [%0A+     'available',%0A+     'unavailable',%0A+     'unsatisfactory',%0A+     'entered-in-error',%0A+     'unknown',%0A+ ];%0A+%0A+ const optionalText = (value: string): string | undefined => {%0A+     const trimmed = value.trim();%0A+     return trimmed || undefined;%0A+ };%0A+%0A+ const nullableText = (value: string): string | null => {%0A+     const trimmed = value.trim();%0A+     return trimmed || null;%0A+ };%0A+%0A+ const splitPeople = (value: string): string[] => [%0A+     ...new Set(%0A+         value%0A+             .split(/[,;\n]+/)%0A+             .map(item => item.trim())%0A+             .filter(Boolean),%0A+     ),%0A+ ];%0A+%0A+ const inputClass =%0A+     'mt-1.5 w-full rounded-xl border border-slate-200 bg-white px-3 py-2 text-xs text-slate-800 outline-none transition-colors focus:border-blue-400 dark:border-slate-700 dark:bg-slate-950 dark:text-slate-100';%0A+ const labelClass =%0A+     'text-[10px] font-mono font-bold uppercase tracking-widest text-slate-400';%0A+%0A+ const fieldLabel = (value: string): string => value%0A+     .replace(/([a-z])([A-Z])/g, '$1 $2')%0A+     .replace(/[-_.]/g, ' ')%0A+     .replace(/^./, letter => letter.toUpperCase());%0A+%0A+ interface DiagnosticReportReviewWorkspaceProps {%0A+     patientId: string;%0A+     pending: PendingLegacyLabReview;%0A+     onSaved: (result: DiagnosticBundleCommitResult) => void;%0A+     onCancel: () => void;%0A+ }%0A+%0A+ interface PreparedReview {%0A+     draft: ReviewedDiagnosticReportDraft;%0A+     evidence?: DiagnosticReportReviewEvidence;%0A+     bundle: ReturnType<typeof buildReviewedDiagnosticReportBundle>;%0A+     validation: ReturnType<typeof validateConflictAwareDiagnosticReportBundle>;%0A+     conflicts: DiagnosticReportConflictAnalysis;%0A+ }%0A+%0A+ const DiagnosticReportReviewWorkspace: React.FC<%0A+     DiagnosticReportReviewWorkspaceProps%0A+ > = ({ patientId, pending, onSaved, onCancel }) => {%0A+     const seed = useMemo(() => createLegacyLabReviewSeed({%0A+         report: pending.report,%0A+         patientId,%0A+         source: pending.source,%0A+     }), [patientId, pending]);%0A+     const record = useClinicalRecordStore(state => state.records[patientId]);%0A+     const logEvent = useAuditStore(state => state.actions.logEvent);%0A+%0A+     const [draft, setDraft] = useState<ReviewedDiagnosticReportDraft>(%0A+         seed.draft,%0A+     );%0A+     const [includedResultIds, setIncludedResultIds] = useState<Set<string>>(%0A+         () => new Set(seed.draft.results.map(result => result.localId)),%0A+     );%0A+     const [reviewReason, setReviewReason] = useState(DEFAULT_REVIEW_REASON);%0A+     const [sourcePage, setSourcePage] = useState<number | undefined>(%0A+         seed.draft.source.pageNumber,%0A+     );%0A+     const [commitError, setCommitError] = useState<string | null>(null);%0A+     const [isSaving, setIsSaving] = useState(false);%0A+     const [relatedReportId, setRelatedReportId] = useState('');%0A+     const [conflictDecision, setConflictDecision] = useState<%0A+         DiagnosticConflictDecision | ''%0A+     >('');%0A+     const [conflictReason, setConflictReason] = useState('');%0A+%0A+     useEffect(() => {%0A+         logEvent(%0A+             'DIAGNOSTIC_REPORT_REVIEW_STARTED',%0A+             patientId,%0A+             'Opened the report-level diagnostic review workspace.',%0A+             'USER',%0A+             {%0A+                 documentId: pending.source.documentId,%0A+                 fileName: pending.source.fileName,%0A+                 extractionEngine: pending.extractionEngine,%0A+                 extractedResultCount: pending.report.labs.length,%0A+             },%0A+         );%0A+     }, [%0A+         logEvent,%0A+         patientId,%0A+         pending.detectedAt,%0A+         pending.extractionEngine,%0A+         pending.report.labs.length,%0A+         pending.source.documentId,%0A+         pending.source.fileName,%0A+     ]);%0A+%0A+     const cancelReview = useCallback(() => {%0A+         logEvent(%0A+             'DIAGNOSTIC_REPORT_REVIEW_CANCELLED',%0A+             patientId,%0A+             'Discarded the pending diagnostic report review without changing the clinical record.',%0A+             'USER',%0A+             {%0A+                 documentId: pending.source.documentId,%0A+                 fileName: pending.source.fileName,%0A+                 includedResultCount: includedResultIds.size,%0A+             },%0A+         );%0A+         onCancel();%0A+     }, [%0A+         includedResultIds.size,%0A+         logEvent,%0A+         onCancel,%0A+         patientId,%0A+         pending.source.documentId,%0A+         pending.source.fileName,%0A+     ]);%0A+%0A+     useEffect(() => {%0A+         const handleEscape = (event: KeyboardEvent) => {%0A+             if (event.key === 'Escape') cancelReview();%0A+         };%0A+         window.addEventListener('keydown', handleEscape);%0A+         return () => window.removeEventListener('keydown', handleEscape);%0A+     }, [cancelReview]);%0A+%0A+     const setReportField = <K extends keyof ReviewedDiagnosticReportDraft>(%0A+         field: K,%0A+         value: ReviewedDiagnosticReportDraft[K],%0A+     ) => {%0A+         setCommitError(null);%0A+         setDraft(current => ({ ...current, [field]: value }));%0A+     };%0A+%0A+     const updateResult = (%0A+         localId: string,%0A+         patch: Partial<ReviewedObservationDraft>,%0A+     ) => {%0A+         setCommitError(null);%0A+         setDraft(current => ({%0A+             ...current,%0A+             results: current.results.map(result =>%0A+                 result.localId === localId%0A+                     ? { ...result, ...patch }%0A+                     : result),%0A+         }));%0A+     };%0A+%0A+     const updateResultSource = (%0A+         localId: string,%0A+         patch: NonNullable<ReviewedObservationDraft['source']>,%0A+     ) => {%0A+         setCommitError(null);%0A+         setDraft(current => ({%0A+             ...current,%0A+             results: current.results.map(result =>%0A+                 result.localId === localId%0A+                     ? {%0A+                         ...result,%0A+                         source: { ...(result.source || {}), ...patch },%0A+                     }%0A+                     : result),%0A+         }));%0A+     };%0A+%0A+     const toggleResult = (localId: string) => {%0A+         setCommitError(null);%0A+         setIncludedResultIds(current => {%0A+             const next = new Set(current);%0A+             if (next.has(localId)) next.delete(localId);%0A+             else next.add(localId);%0A+             return next;%0A+         });%0A+     };%0A+%0A+     const addResult = () => {%0A+         const localId = `manual-result-${Date.now()}-${draft.results.length + 1}`;%0A+         const result: ReviewedObservationDraft = {%0A+             localId,%0A+             testName: '',%0A+             status: 'unknown',%0A+             categoryTexts: ['Laboratory'],%0A+             valueText: null,%0A+             source: {},%0A+         };%0A+         setDraft(current => ({%0A+             ...current,%0A+             results: [...current.results, result],%0A+         }));%0A+         setIncludedResultIds(current => new Set([...current, localId]));%0A+     };%0A+%0A+     const updateSpecimen = (%0A+         localId: string,%0A+         patch: Partial<ReviewedSpecimenDraft>,%0A+     ) => {%0A+         setCommitError(null);%0A+         setDraft(current => ({%0A+             ...current,%0A+             specimens: (current.specimens || []).map(specimen =>%0A+                 specimen.localId === localId%0A+                     ? { ...specimen, ...patch }%0A+                     : specimen),%0A+         }));%0A+     };%0A+%0A+     const addSpecimen = () => {%0A+         const localId = `review-specimen-${Date.now()}-${(draft.specimens || []).length + 1}`;%0A+         const specimen: ReviewedSpecimenDraft = {%0A+             localId,%0A+             status: 'unknown',%0A+             collectedDate: null,%0A+             receivedDate: null,%0A+         };%0A+         setDraft(current => ({%0A+             ...current,%0A+             specimens: [...(current.specimens || []), specimen],%0A+         }));%0A+     };%0A+%0A+     const removeSpecimen = (localId: string) => {%0A+         setCommitError(null);%0A+         setDraft(current => ({%0A+             ...current,%0A+             specimens: (current.specimens || []).filter(specimen =>%0A+                 specimen.localId !== localId),%0A+             results: current.results.map(result =>%0A+                 result.specimenLocalId === localId%0A+                     ? { ...result, specimenLocalId: undefined }%0A+                     : result),%0A+         }));%0A+     };%0A+%0A+     const prepared = useMemo<{%0A+         value?: PreparedReview;%0A+         error?: string;%0A+     }>(() => {%0A+         const results = draft.results.filter(result =>%0A+             includedResultIds.has(result.localId));%0A+         if (results.length === 0) {%0A+             return {%0A+                 error:%0A+                     'At least one reviewed result must remain included before the report can be confirmed.',%0A+             };%0A+         }%0A+%0A+         try {%0A+             const reviewedAt = pending.detectedAt;%0A+             const withoutEvidence: ReviewedDiagnosticReportDraft = {%0A+                 ...draft,%0A+                 patientId,%0A+                 results,%0A+                 verificationStatus: 'confirmed',%0A+                 reviewedAt,%0A+                 reviewedBy: REVIEW_ACTOR,%0A+             };%0A+             const evidence = buildDiagnosticReviewEvidence({%0A+                 initial: seed.draft,%0A+                 reviewed: withoutEvidence,%0A+                 includedResultIds,%0A+                 reason: reviewReason.trim() || DEFAULT_REVIEW_REASON,%0A+             });%0A+             const resolution = conflictDecision%0A+                 && relatedReportId%0A+                 && conflictReason.trim()%0A+                 ? {%0A+                     relatedReportId,%0A+                     decision: conflictDecision,%0A+                     reason: conflictReason.trim(),%0A+                 }%0A+                 : undefined;%0A+             const reviewedDraft: ReviewedDiagnosticReportDraft = {%0A+                 ...withoutEvidence,%0A+                 ...(evidence ? { reviewEvidence: evidence } : {}),%0A+                 ...(resolution ? { conflictResolution: resolution } : {}),%0A+             };%0A+             const bundle = buildReviewedDiagnosticReportBundle(reviewedDraft, {%0A+                 now: reviewedAt,%0A+                 actor: REVIEW_ACTOR,%0A+                 record,%0A+             });%0A+             const conflicts = analyzeDiagnosticReportConflicts(record, bundle);%0A+             return {%0A+                 value: {%0A+                     draft: reviewedDraft,%0A+                     ...(evidence ? { evidence } : {}),%0A+                     bundle,%0A+                     conflicts,%0A+                     validation: validateConflictAwareDiagnosticReportBundle({%0A+                         bundle,%0A+                         record,%0A+                         resolution,%0A+                     }),%0A+                 },%0A+             };%0A+         } catch (error) {%0A+             return {%0A+                 error: error instanceof Error%0A+                     ? error.message%0A+                     : 'The reviewed diagnostic report is invalid.',%0A+             };%0A+         }%0A+     }, [%0A+         conflictDecision,%0A+         conflictReason,%0A+         draft,%0A+         includedResultIds,%0A+         patientId,%0A+         pending.detectedAt,%0A+         record,%0A+         relatedReportId,%0A+         reviewReason,%0A+         seed.draft,%0A+     ]);%0A+%0A+     const confirmReview = async () => {%0A+         if (!prepared.value || !prepared.value.validation.valid) return;%0A+         setIsSaving(true);%0A+         setCommitError(null);%0A+         try {%0A+             const committedAt = new Date().toISOString();%0A+             const finalDraft: ReviewedDiagnosticReportDraft = {%0A+                 ...prepared.value.draft,%0A+                 reviewedAt: committedAt,%0A+             };%0A+             const result = buildAndCommitReviewedDiagnosticReport(finalDraft, {%0A+                 now: committedAt,%0A+                 committedAt,%0A+                 actor: REVIEW_ACTOR,%0A+             });%0A+             if (!result.commit.ok) {%0A+                 setCommitError(%0A+                     result.commit.message%0A+                     || 'The diagnostic report graph was not saved.',%0A+                 );%0A+                 return;%0A+             }%0A+%0A+             const excludedResultCount = seed.draft.results.filter(resultItem =>%0A+                 !includedResultIds.has(resultItem.localId)).length;%0A+             const auditType = result.commit.status === 'resolved-duplicate'%0A+                 ? 'DIAGNOSTIC_REPORT_DUPLICATE_SKIPPED'%0A+                 : finalDraft.conflictResolution%0A+                     ? 'DIAGNOSTIC_REPORT_CONFLICT_RESOLVED'%0A+                     : 'DIAGNOSTIC_REPORT_REVIEW_CONFIRMED';%0A+             logEvent(%0A+                 auditType,%0A+                 patientId,%0A+                 result.commit.status === 'resolved-duplicate'%0A+                     ? 'Confirmed that the reviewed upload duplicates an existing diagnostic report; no clinical resource was created.'%0A+                     : finalDraft.conflictResolution%0A+                         ? 'Confirmed and atomically saved a reviewed diagnostic report relationship while preserving prior versions.'%0A+                         : 'Confirmed and atomically saved a reviewed diagnostic report graph.',%0A+                 'USER',%0A+                 {%0A+                     reportId: result.commit.reportId,%0A+                     duplicateOf: result.commit.duplicateOf,%0A+                     documentId: pending.source.documentId,%0A+                     createdResourceIds: result.commit.createdResourceIds,%0A+                     resultCount: result.bundle.observations.length,%0A+                     specimenCount: result.bundle.specimens.length,%0A+                     excludedResultCount,%0A+                     reviewEvidence: finalDraft.reviewEvidence,%0A+                     conflictResolution: finalDraft.conflictResolution,%0A+                     warnings: result.bundle.warnings,%0A+                 },%0A+             );%0A+             onSaved(result.commit);%0A+         } catch (error) {%0A+             setCommitError(%0A+                 error instanceof Error%0A+                     ? error.message%0A+                     : 'The diagnostic report could not be saved.',%0A+             );%0A+         } finally {%0A+             setIsSaving(false);%0A+         }%0A+     };%0A+%0A+     const validationIssues = prepared.value?.validation.issues || [];%0A+     const conflictCandidates = prepared.value?.conflicts.candidates || [];%0A+     const parsingWarnings = prepared.value?.bundle.warnings || [];%0A+     const evidence = prepared.value?.evidence;%0A+     const excludedCount = seed.draft.results.length%0A+         - [...includedResultIds].filter(localId =>%0A+             seed.draft.results.some(result => result.localId === localId)).length;%0A+     const resultChangeCount = Object.keys(%0A+         evidence?.resultChanges || {},%0A+     ).reduce(%0A+         (total, localId) => total%0A+             + (evidence?.resultChanges?.[localId]?.length || 0),%0A+         0,%0A+     );%0A+     const specimenChangeCount = Object.keys(%0A+         evidence?.specimenChanges || {},%0A+     ).reduce(%0A+         (total, localId) => total%0A+             + (evidence?.specimenChanges?.[localId]?.length || 0),%0A+         0,%0A+     );%0A+%0A+     return (%0A+         <div%0A+             className="fixed inset-0 z-[110] bg-slate-950/85 p-2 backdrop-blur-sm sm:p-4"%0A+             role="dialog"%0A+             aria-modal="true"%0A+             aria-labelledby="diagnostic-review-title"%0A+         >%0A+             <div className="mx-auto flex h-full w-full max-w-[96rem] flex-col overflow-hidden rounded-2xl border border-slate-700 bg-slate-50 shadow-2xl dark:bg-slate-950">%0A+                 <header className="flex flex-wrap items-center justify-between gap-3 border-b border-slate-200 bg-white px-4 py-3 dark:border-slate-800 dark:bg-slate-950 sm:px-6">%0A+                     <div className="flex min-w-0 items-center gap-3">%0A+                         <span className="flex h-10 w-10 flex-shrink-0 items-center justify-center rounded-xl bg-blue-100 text-blue-700 dark:bg-blue-950/50 dark:text-blue-300">%0A+                             <BeakerIcon className="h-5 w-5" />%0A+                         </span>%0A+                         <div className="min-w-0">%0A+                             <h2%0A+                                 id="diagnostic-review-title"%0A+                                 className="truncate text-base font-bold text-slate-900 dark:text-white"%0A+                             >%0A+                                 Review laboratory report%0A+                             </h2>%0A+                             <p className="mt-0.5 text-[10px] font-mono uppercase tracking-wider text-slate-500 dark:text-slate-400">%0A+                                 Original source + report + specimens + results%0A+                             </p>%0A+                         </div>%0A+                     </div>%0A+                     <button%0A+                         type="button"%0A+                         onClick={cancelReview}%0A+                         className="rounded-xl border border-slate-200 p-2 text-slate-500 transition-colors hover:border-red-300 hover:text-red-600 dark:border-slate-700"%0A+                         aria-label="Discard diagnostic report review"%0A+                     >%0A+                         <XCircleIcon className="h-5 w-5" />%0A+                     </button>%0A+                 </header>%0A+%0A+                 <div className="grid min-h-0 flex-1 gap-4 overflow-hidden p-3 lg:grid-cols-[minmax(20rem,0.85fr)_minmax(0,1.45fr)] lg:p-4">%0A+                     <div className="min-h-0 overflow-auto">%0A+                         {seed.sourceAvailable && pending.source.documentId ? (%0A+                             <DiagnosticReportSourcePane%0A+                                 patientId={patientId}%0A+                                 documentId={pending.source.documentId}%0A+                                 pageNumber={sourcePage}%0A+                             />%0A+                         ) : (%0A+                             <section className="flex min-h-[24rem] items-center justify-center rounded-2xl border border-amber-200 bg-amber-50 p-6 text-center dark:border-amber-900/50 dark:bg-amber-950/20">%0A+                                 <div className="max-w-md">%0A+                                     <DocumentTextIcon className="mx-auto mb-3 h-10 w-10 text-amber-500" />%0A+                                     <h3 className="text-sm font-bold text-amber-950 dark:text-amber-100">%0A+                                         Original report not linked%0A+                                     </h3>%0A+                                     <p className="mt-2 text-xs leading-relaxed text-amber-800 dark:text-amber-200">%0A+                                         {seed.sourceWarning}%0A+                                     </p>%0A+                                 </div>%0A+                             </section>%0A+                         )}%0A+                     </div>%0A+%0A+                     <div className="min-h-0 overflow-y-auto pr-1">%0A+                         <div className="space-y-4 pb-6">%0A+                             <section className="rounded-2xl border border-amber-200 bg-amber-50 p-4 dark:border-amber-900/50 dark:bg-amber-950/20">%0A+                                 <div className="flex items-start gap-3">%0A+                                     <AlertTriangleIcon className="mt-0.5 h-5 w-5 flex-shrink-0 text-amber-600 dark:text-amber-400" />%0A+                                     <div>%0A+                                         <h3 className="text-xs font-bold text-amber-950 dark:text-amber-100">%0A+                                             Source review is required%0A+                                         </h3>%0A+                                         <p className="mt-1 text-xs leading-relaxed text-amber-800 dark:text-amber-200">%0A+                                             OCR and AI can misread decimal points, comparators, units, dates, and row boundaries. Confirm only what is visible in the original report. A recorded flag or range is not a diagnosis.%0A+                                         </p>%0A+                                     </div>%0A+                                 </div>%0A+                             </section>%0A+%0A+                             <section className="rounded-2xl border border-slate-200 bg-white p-4 dark:border-slate-800 dark:bg-slate-900/60">%0A+                                 <div className="mb-3 flex items-center justify-between gap-3">%0A+                                     <div>%0A+                                         <h3 className="text-sm font-bold text-slate-900 dark:text-white">%0A+                                             Report metadata%0A+                                         </h3>%0A+                                         <p className="mt-1 text-[10px] text-slate-500 dark:text-slate-400">%0A+                                             Dates may be YYYY-MM-DD, YYYY-MM, or YYYY. Leave blank when unknown.%0A+                                         </p>%0A+                                     </div>%0A+                                     <span className="rounded-full bg-slate-100 px-2.5 py-1 font-mono text-[10px] text-slate-500 dark:bg-slate-800">%0A+                                         {pending.extractionEngine}%0A+                                     </span>%0A+                                 </div>%0A+                                 <div className="grid gap-3 sm:grid-cols-2">%0A+                                     <label className="block sm:col-span-2">%0A+                                         <span className={labelClass}>Report title</span>%0A+                                         <input%0A+                                             value={draft.reportTitle}%0A+                                             onChange={event => setReportField(%0A+                                                 'reportTitle',%0A+                                                 event.target.value,%0A+                                             )}%0A+                                             className={inputClass}%0A+                                         />%0A+                                     </label>%0A+                                     <label className="block">%0A+                                         <span className={labelClass}>Status</span>%0A+                                         <select%0A+                                             value={draft.status || 'unknown'}%0A+                                             onChange={event => setReportField(%0A+                                                 'status',%0A+                                                 event.target.value as ReviewedDiagnosticReportDraft['status'],%0A+                                             )}%0A+                                             className={inputClass}%0A+                                         >%0A+                                             {REPORT_STATUSES.map(status => (%0A+                                                 <option key={status} value={status}>%0A+                                                     {fieldLabel(status)}%0A+                                                 </option>%0A+                                             ))}%0A+                                         </select>%0A+                                     </label>%0A+                                     <label className="block">%0A+                                         <span className={labelClass}>Clinical report date</span>%0A+                                         <input%0A+                                             value={draft.effectiveDate || ''}%0A+                                             onChange={event => setReportField(%0A+                                                 'effectiveDate',%0A+                                                 nullableText(event.target.value),%0A+                                             )}%0A+                                             placeholder="YYYY-MM-DD, YYYY-MM, YYYY, or blank"%0A+                                             className={inputClass}%0A+                                         />%0A+                                     </label>%0A+                                     <label className="block">%0A+                                         <span className={labelClass}>Issued date-time</span>%0A+                                         <input%0A+                                             value={draft.issuedAt || ''}%0A+                                             onChange={event => setReportField(%0A+                                                 'issuedAt',%0A+                                                 nullableText(event.target.value),%0A+                                             )}%0A+                                             placeholder="ISO date-time or blank"%0A+                                             className={inputClass}%0A+                                         />%0A+                                     </label>%0A+                                     <label className="block">%0A+                                         <span className={labelClass}>Performer</span>%0A+                                         <input%0A+                                             value={(draft.performer || []).join(', ')}%0A+                                             onChange={event => setReportField(%0A+                                                 'performer',%0A+                                                 splitPeople(event.target.value),%0A+                                             )}%0A+                                             placeholder="Laboratory or organization"%0A+                                             className={inputClass}%0A+                                         />%0A+                                     </label>%0A+                                     <label className="block sm:col-span-2">%0A+                                         <span className={labelClass}>Accession identifier</span>%0A+                                         <input%0A+                                             value={draft.accessionIdentifier?.value || ''}%0A+                                             onChange={event => setReportField(%0A+                                                 'accessionIdentifier',%0A+                                                 optionalText(event.target.value)%0A+                                                     ? {%0A+                                                         ...(draft.accessionIdentifier || {}),%0A+                                                         value: event.target.value.trim(),%0A+                                                     }%0A+                                                     : undefined,%0A+                                             )}%0A+                                             placeholder="Optional source accession number"%0A+                                             className={inputClass}%0A+                                         />%0A+                                     </label>%0A+                                     <label className="block sm:col-span-2">%0A+                                         <span className={labelClass}>Conclusion / report comment</span>%0A+                                         <textarea%0A+                                             value={draft.conclusion || ''}%0A+                                             onChange={event => setReportField(%0A+                                                 'conclusion',%0A+                                                 optionalText(event.target.value),%0A+                                             )}%0A+                                             rows={3}%0A+                                             className={inputClass}%0A+                                         />%0A+                                     </label>%0A+                                 </div>%0A+                             </section>%0A+%0A+                             <section className="rounded-2xl border border-slate-200 bg-white p-4 dark:border-slate-800 dark:bg-slate-900/60">%0A+                                 <div className="mb-3 flex items-center justify-between gap-3">%0A+                                     <div>%0A+                                         <h3 className="text-sm font-bold text-slate-900 dark:text-white">%0A+                                             Specimens%0A+                                         </h3>%0A+                                         <p className="mt-1 text-[10px] text-slate-500 dark:text-slate-400">%0A+                                             Sample details belong to a specimen, not to every result row.%0A+                                         </p>%0A+                                     </div>%0A+                                     <button%0A+                                         type="button"%0A+                                         onClick={addSpecimen}%0A+                                         className="rounded-lg border border-blue-200 px-3 py-2 text-[10px] font-bold uppercase tracking-wider text-blue-700 hover:bg-blue-50 dark:border-blue-900 dark:text-blue-300 dark:hover:bg-blue-950/30"%0A+                                     >%0A+                                         Add specimen%0A+                                     </button>%0A+                                 </div>%0A+%0A+                                 {(draft.specimens || []).length === 0 ? (%0A+                                     <p className="rounded-xl border border-dashed border-slate-200 p-4 text-center text-xs text-slate-500 dark:border-slate-700">%0A+                                         No specimen details were extracted. Leave this empty rather than inventing a sample.%0A+                                     </p>%0A+                                 ) : (%0A+                                     <div className="space-y-3">%0A+                                         {(draft.specimens || []).map((specimen, index) => (%0A+                                             <article%0A+                                                 key={specimen.localId}%0A+                                                 className="rounded-xl border border-slate-200 p-3 dark:border-slate-700"%0A+                                             >%0A+                                                 <div className="mb-2 flex items-center justify-between gap-3">%0A+                                                     <h4 className="text-xs font-bold text-slate-800 dark:text-slate-100">%0A+                                                         Specimen {index + 1}%0A+                                                     </h4>%0A+                                                     <button%0A+                                                         type="button"%0A+                                                         onClick={() => removeSpecimen(specimen.localId)}%0A+                                                         className="text-[10px] font-bold uppercase tracking-wider text-red-600 hover:underline"%0A+                                                     >%0A+                                                         Remove%0A+                                                     </button>%0A+                                                 </div>%0A+                                                 <div className="grid gap-3 sm:grid-cols-2 lg:grid-cols-3">%0A+                                                     <label>%0A+                                                         <span className={labelClass}>Type</span>%0A+                                                         <input%0A+                                                             value={specimen.typeText || ''}%0A+                                                             onChange={event => updateSpecimen(%0A+                                                                 specimen.localId,%0A+                                                                 { typeText: optionalText(event.target.value) },%0A+                                                             )}%0A+                                                             className={inputClass}%0A+                                                         />%0A+                                                     </label>%0A+                                                     <label>%0A+                                                         <span className={labelClass}>Status</span>%0A+                                                         <select%0A+                                                             value={specimen.status || 'unknown'}%0A+                                                             onChange={event => updateSpecimen(%0A+                                                                 specimen.localId,%0A+                                                                 {%0A+                                                                     status: event.target.value as ReviewedSpecimenDraft['status'],%0A+                                                                 },%0A+                                                             )}%0A+                                                             className={inputClass}%0A+                                                         >%0A+                                                             {SPECIMEN_STATUSES.map(status => (%0A+                                                                 <option key={status} value={status}>%0A+                                                                     {fieldLabel(status)}%0A+                                                                 </option>%0A+                                                             ))}%0A+                                                         </select>%0A+                                                     </label>%0A+                                                     <label>%0A+                                                         <span className={labelClass}>Identifier</span>%0A+                                                         <input%0A+                                                             value={specimen.identifiers?.[0]?.value || ''}%0A+                                                             onChange={event => updateSpecimen(%0A+                                                                 specimen.localId,%0A+                                                                 {%0A+                                                                     identifiers: optionalText(event.target.value)%0A+                                                                         ? [{%0A+                                                                             ...(specimen.identifiers?.[0] || {}),%0A+                                                                             value: event.target.value.trim(),%0A+                                                                         }]%0A+                                                                         : undefined,%0A+                                                                 },%0A+                                                             )}%0A+                                                             className={inputClass}%0A+                                                         />%0A+                                                     </label>%0A+                                                     <label>%0A+                                                         <span className={labelClass}>Collected date</span>%0A+                                                         <input%0A+                                                             value={specimen.collectedDate || ''}%0A+                                                             onChange={event => updateSpecimen(%0A+                                                                 specimen.localId,%0A+                                                                 {%0A+                                                                     collectedDate: nullableText(event.target.value),%0A+                                                                 },%0A+                                                             )}%0A+                                                             className={inputClass}%0A+                                                         />%0A+                                                     </label>%0A+                                                     <label>%0A+                                                         <span className={labelClass}>Received date</span>%0A+                                                         <input%0A+                                                             value={specimen.receivedDate || ''}%0A+                                                             onChange={event => updateSpecimen(%0A+                                                                 specimen.localId,%0A+                                                                 {%0A+                                                                     receivedDate: nullableText(event.target.value),%0A+                                                                 },%0A+                                                             )}%0A+                                                             className={inputClass}%0A+                                                         />%0A+                                                     </label>%0A+                                                     <label>%0A+                                                         <span className={labelClass}>Collector</span>%0A+                                                         <input%0A+                                                             value={specimen.collector || ''}%0A+                                                             onChange={event => updateSpecimen(%0A+                                                                 specimen.localId,%0A+                                                                 { collector: optionalText(event.target.value) },%0A+                                                             )}%0A+                                                             className={inputClass}%0A+                                                         />%0A+                                                     </label>%0A+                                                     <label>%0A+                                                         <span className={labelClass}>Body site</span>%0A+                                                         <input%0A+                                                             value={specimen.bodySiteText || ''}%0A+                                                             onChange={event => updateSpecimen(%0A+                                                                 specimen.localId,%0A+                                                                 { bodySiteText: optionalText(event.target.value) },%0A+                                                             )}%0A+                                                             className={inputClass}%0A+                                                         />%0A+                                                     </label>%0A+                                                     <label>%0A+                                                         <span className={labelClass}>Collection method</span>%0A+                                                         <input%0A+                                                             value={specimen.collectionMethodText || ''}%0A+                                                             onChange={event => updateSpecimen(%0A+                                                                 specimen.localId,%0A+                                                                 {%0A+                                                                     collectionMethodText: optionalText(event.target.value),%0A+                                                                 },%0A+                                                             )}%0A+                                                             className={inputClass}%0A+                                                         />%0A+                                                     </label>%0A+                                                     <label className="sm:col-span-2 lg:col-span-3">%0A+                                                         <span className={labelClass}>Notes</span>%0A+                                                         <input%0A+                                                             value={specimen.note || ''}%0A+                                                             onChange={event => updateSpecimen(%0A+                                                                 specimen.localId,%0A+                                                                 { note: optionalText(event.target.value) },%0A+                                                             )}%0A+                                                             className={inputClass}%0A+                                                         />%0A+                                                     </label>%0A+                                                 </div>%0A+                                             </article>%0A+                                         ))}%0A+                                     </div>%0A+                                 )}%0A+                             </section>%0A+%0A+                             <section className="rounded-2xl border border-slate-200 bg-white p-4 dark:border-slate-800 dark:bg-slate-900/60">%0A+                                 <div className="mb-3 flex items-center justify-between gap-3">%0A+                                     <div>%0A+                                         <h3 className="text-sm font-bold text-slate-900 dark:text-white">%0A+                                             Results%0A+                                         </h3>%0A+                                         <p className="mt-1 text-[10px] text-slate-500 dark:text-slate-400">%0A+                                             Include only rows confirmed against the original report. Qualitative, comparator, textual, and absent results are supported.%0A+                                         </p>%0A+                                     </div>%0A+                                     <button%0A+                                         type="button"%0A+                                         onClick={addResult}%0A+                                         className="rounded-lg border border-blue-200 px-3 py-2 text-[10px] font-bold uppercase tracking-wider text-blue-700 hover:bg-blue-50 dark:border-blue-900 dark:text-blue-300 dark:hover:bg-blue-950/30"%0A+                                     >%0A+                                         Add result%0A+                                     </button>%0A+                                 </div>%0A+                                 <div className="space-y-3">%0A+                                     {draft.results.map((result, index) => {%0A+                                         const included = includedResultIds.has(result.localId);%0A+                                         const pageNumber = result.source?.pageNumber;%0A+                                         return (%0A+                                             <article%0A+                                                 key={result.localId}%0A+                                                 className={`rounded-xl border p-3 transition-colors ${included%0A+                                                     ? 'border-slate-200 bg-white dark:border-slate-700 dark:bg-slate-950/40'%0A+                                                     : 'border-slate-200 bg-slate-100 opacity-70 dark:border-slate-800 dark:bg-slate-950/20'%0A+                                                 }`}%0A+                                             >%0A+                                                 <div className="mb-3 flex flex-wrap items-center justify-between gap-3">%0A+                                                     <label className="flex cursor-pointer items-center gap-2">%0A+                                                         <input%0A+                                                             type="checkbox"%0A+                                                             checked={included}%0A+                                                             onChange={() => toggleResult(result.localId)}%0A+                                                         />%0A+                                                         <span className="text-xs font-bold text-slate-800 dark:text-slate-100">%0A+                                                             Result {index + 1}: {result.testName || 'Untitled'}%0A+                                                         </span>%0A+                                                     </label>%0A+                                                     <div className="flex items-center gap-2">%0A+                                                         {pageNumber && (%0A+                                                             <button%0A+                                                                 type="button"%0A+                                                                 onClick={() => setSourcePage(pageNumber)}%0A+                                                                 className="rounded-lg border border-slate-200 px-2 py-1 font-mono text-[10px] text-blue-600 hover:bg-blue-50 dark:border-slate-700 dark:text-blue-300"%0A+                                                             >%0A+                                                                 View page {pageNumber}%0A+                                                             </button>%0A+                                                         )}%0A+                                                         <span className={`rounded-full px-2 py-1 font-mono text-[9px] uppercase tracking-wider ${included%0A+                                                             ? 'bg-emerald-100 text-emerald-700 dark:bg-emerald-950/40 dark:text-emerald-300'%0A+                                                             : 'bg-slate-200 text-slate-600 dark:bg-slate-800 dark:text-slate-400'%0A+                                                         }`}>%0A+                                                             {included ? 'Included' : 'Excluded'}%0A+                                                         </span>%0A+                                                     </div>%0A+                                                 </div>%0A+%0A+                                                 <div className="grid gap-3 sm:grid-cols-2 lg:grid-cols-4">%0A+                                                     <label className="sm:col-span-2">%0A+                                                         <span className={labelClass}>Test name</span>%0A+                                                         <input%0A+                                                             value={result.testName}%0A+                                                             onChange={event => updateResult(%0A+                                                                 result.localId,%0A+                                                                 { testName: event.target.value },%0A+                                                             )}%0A+                                                             className={inputClass}%0A+                                                         />%0A+                                                     </label>%0A+                                                     <label>%0A+                                                         <span className={labelClass}>LOINC</span>%0A+                                                         <input%0A+                                                             value={result.loincCode || ''}%0A+                                                             onChange={event => updateResult(%0A+                                                                 result.localId,%0A+                                                                 { loincCode: optionalText(event.target.value) },%0A+                                                             )}%0A+                                                             className={inputClass}%0A+                                                         />%0A+                                                     </label>%0A+                                                     <label>%0A+                                                         <span className={labelClass}>Status</span>%0A+                                                         <select%0A+                                                             value={result.status || 'unknown'}%0A+                                                             onChange={event => updateResult(%0A+                                                                 result.localId,%0A+                                                                 {%0A+                                                                     status: event.target.value as ReviewedObservationDraft['status'],%0A+                                                                 },%0A+                                                             )}%0A+                                                             className={inputClass}%0A+                                                         >%0A+                                                             {RESULT_STATUSES.map(status => (%0A+                                                                 <option key={status} value={status}>%0A+                                                                     {fieldLabel(status)}%0A+                                                                 </option>%0A+                                                             ))}%0A+                                                         </select>%0A+                                                     </label>%0A+                                                     <label>%0A+                                                         <span className={labelClass}>Value</span>%0A+                                                         <input%0A+                                                             value={result.valueText || ''}%0A+                                                             onChange={event => updateResult(%0A+                                                                 result.localId,%0A+                                                                 { valueText: nullableText(event.target.value) },%0A+                                                             )}%0A+                                                             placeholder="5.7, <5, Negative, text…"%0A+                                                             className={inputClass}%0A+                                                         />%0A+                                                     </label>%0A+                                                     <label>%0A+                                                         <span className={labelClass}>Unit</span>%0A+                                                         <input%0A+                                                             value={result.unitText || ''}%0A+                                                             onChange={event => updateResult(%0A+                                                                 result.localId,%0A+                                                                 { unitText: nullableText(event.target.value) },%0A+                                                             )}%0A+                                                             className={inputClass}%0A+                                                         />%0A+                                                     </label>%0A+                                                     <label>%0A+                                                         <span className={labelClass}>Reference range</span>%0A+                                                         <input%0A+                                                             value={result.referenceRangeText || ''}%0A+                                                             onChange={event => updateResult(%0A+                                                                 result.localId,%0A+                                                                 {%0A+                                                                     referenceRangeText: nullableText(event.target.value),%0A+                                                                 },%0A+                                                             )}%0A+                                                             className={inputClass}%0A+                                                         />%0A+                                                     </label>%0A+                                                     <label>%0A+                                                         <span className={labelClass}>Interpretation flag</span>%0A+                                                         <input%0A+                                                             value={result.interpretationText || ''}%0A+                                                             onChange={event => updateResult(%0A+                                                                 result.localId,%0A+                                                                 {%0A+                                                                     interpretationText: nullableText(event.target.value),%0A+                                                                 },%0A+                                                             )}%0A+                                                             placeholder="High, low, abnormal…"%0A+                                                             className={inputClass}%0A+                                                         />%0A+                                                     </label>%0A+                                                     <label className="sm:col-span-2">%0A+                                                         <span className={labelClass}>Absent-result reason</span>%0A+                                                         <input%0A+                                                             value={result.absentReasonText || ''}%0A+                                                             onChange={event => updateResult(%0A+                                                                 result.localId,%0A+                                                                 {%0A+                                                                     absentReasonText: nullableText(event.target.value),%0A+                                                                 },%0A+                                                             )}%0A+                                                             placeholder="Use when no result value exists"%0A+                                                             className={inputClass}%0A+                                                         />%0A+                                                     </label>%0A+                                                     <label>%0A+                                                         <span className={labelClass}>Clinical date</span>%0A+                                                         <input%0A+                                                             value={result.clinicalDate || ''}%0A+                                                             onChange={event => updateResult(%0A+                                                                 result.localId,%0A+                                                                 {%0A+                                                                     clinicalDate: nullableText(event.target.value),%0A+                                                                 },%0A+                                                             )}%0A+                                                             className={inputClass}%0A+                                                         />%0A+                                                     </label>%0A+                                                     <label>%0A+                                                         <span className={labelClass}>Issued date-time</span>%0A+                                                         <input%0A+                                                             value={result.issuedAt || ''}%0A+                                                             onChange={event => updateResult(%0A+                                                                 result.localId,%0A+                                                                 { issuedAt: nullableText(event.target.value) },%0A+                                                             )}%0A+                                                             className={inputClass}%0A+                                                         />%0A+                                                     </label>%0A+                                                     <label>%0A+                                                         <span className={labelClass}>Specimen</span>%0A+                                                         <select%0A+                                                             value={result.specimenLocalId || ''}%0A+                                                             onChange={event => updateResult(%0A+                                                                 result.localId,%0A+                                                                 {%0A+                                                                     specimenLocalId: optionalText(event.target.value),%0A+                                                                 },%0A+                                                             )}%0A+                                                             className={inputClass}%0A+                                                         >%0A+                                                             <option value="">Not linked</option>%0A+                                                             {(draft.specimens || []).map(specimen => (%0A+                                                                 <option%0A+                                                                     key={specimen.localId}%0A+                                                                     value={specimen.localId}%0A+                                                                 >%0A+                                                                     {specimen.typeText || specimen.localId}%0A+                                                                 </option>%0A+                                                             ))}%0A+                                                         </select>%0A+                                                     </label>%0A+                                                     <label>%0A+                                                         <span className={labelClass}>Source page</span>%0A+                                                         <input%0A+                                                             type="number"%0A+                                                             min="1"%0A+                                                             value={result.source?.pageNumber || ''}%0A+                                                             onChange={event => updateResultSource(%0A+                                                                 result.localId,%0A+                                                                 {%0A+                                                                     pageNumber: Number(event.target.value) > 0%0A+                                                                         ? Number(event.target.value)%0A+                                                                         : undefined,%0A+                                                                 },%0A+                                                             )}%0A+                                                             className={inputClass}%0A+                                                         />%0A+                                                     </label>%0A+                                                     <label>%0A+                                                         <span className={labelClass}>Section</span>%0A+                                                         <input%0A+                                                             value={result.source?.section || ''}%0A+                                                             onChange={event => updateResultSource(%0A+                                                                 result.localId,%0A+                                                                 { section: optionalText(event.target.value) },%0A+                                                             )}%0A+                                                             className={inputClass}%0A+                                                         />%0A+                                                     </label>%0A+                                                     <label>%0A+                                                         <span className={labelClass}>Method</span>%0A+                                                         <input%0A+                                                             value={result.methodText || ''}%0A+                                                             onChange={event => updateResult(%0A+                                                                 result.localId,%0A+                                                                 { methodText: optionalText(event.target.value) },%0A+                                                             )}%0A+                                                             className={inputClass}%0A+                                                         />%0A+                                                     </label>%0A+                                                     <label>%0A+                                                         <span className={labelClass}>Body site</span>%0A+                                                         <input%0A+                                                             value={result.bodySiteText || ''}%0A+                                                             onChange={event => updateResult(%0A+                                                                 result.localId,%0A+                                                                 { bodySiteText: optionalText(event.target.value) },%0A+                                                             )}%0A+                                                             className={inputClass}%0A+                                                         />%0A+                                                     </label>%0A+                                                     <label className="sm:col-span-2 lg:col-span-4">%0A+                                                         <span className={labelClass}>Source excerpt</span>%0A+                                                         <textarea%0A+                                                             value={result.source?.excerpt || ''}%0A+                                                             onChange={event => updateResultSource(%0A+                                                                 result.localId,%0A+                                                                 { excerpt: optionalText(event.target.value) },%0A+                                                             )}%0A+                                                             rows={2}%0A+                                                             className={inputClass}%0A+                                                         />%0A+                                                     </label>%0A+                                                     <label className="sm:col-span-2 lg:col-span-4">%0A+                                                         <span className={labelClass}>Notes</span>%0A+                                                         <input%0A+                                                             value={result.note || ''}%0A+                                                             onChange={event => updateResult(%0A+                                                                 result.localId,%0A+                                                                 { note: optionalText(event.target.value) },%0A+                                                             )}%0A+                                                             className={inputClass}%0A+                                                         />%0A+                                                     </label>%0A+                                                 </div>%0A+                                             </article>%0A+                                         );%0A+                                     })}%0A+                                 </div>%0A+                             </section>%0A+%0A+%0A+                             {conflictCandidates.length > 0 && (%0A+                                 <section className="rounded-2xl border border-violet-200 bg-violet-50 p-4 dark:border-violet-900/50 dark:bg-violet-950/20">%0A+                                     <div className="flex items-start gap-3">%0A+                                         <AlertTriangleIcon className="mt-0.5 h-5 w-5 flex-shrink-0 text-violet-600 dark:text-violet-300" />%0A+                                         <div className="min-w-0 flex-1">%0A+                                             <h3 className="text-sm font-bold text-violet-950 dark:text-violet-100">%0A+                                                 Potential duplicate or corrected report%0A+                                             </h3>%0A+                                             <p className="mt-1 text-xs leading-relaxed text-violet-800 dark:text-violet-200">%0A+                                                 Blocking matches require an explicit reviewed decision. A corrected or amended report creates a new version and preserves every prior report and result.%0A+                                             </p>%0A+                                         </div>%0A+                                     </div>%0A+%0A+                                     <div className="mt-3 space-y-2">%0A+                                         {conflictCandidates.map(candidate => (%0A+                                             <article%0A+                                                 key={candidate.reportId}%0A+                                                 className={`rounded-xl border p-3 ${candidate.blocking%0A+                                                     ? 'border-red-200 bg-white dark:border-red-900/60 dark:bg-slate-950/60'%0A+                                                     : 'border-violet-200 bg-white dark:border-violet-900/50 dark:bg-slate-950/60'%0A+                                                 }`}%0A+                                             >%0A+                                                 <div className="flex flex-wrap items-center gap-2">%0A+                                                     <span className="text-xs font-bold text-slate-900 dark:text-white">%0A+                                                         {candidate.reportTitle}%0A+                                                     </span>%0A+                                                     <span className="rounded-full bg-slate-100 px-2 py-1 font-mono text-[9px] uppercase tracking-wider text-slate-600 dark:bg-slate-800 dark:text-slate-300">%0A+                                                         {fieldLabel(candidate.kind)}%0A+                                                     </span>%0A+                                                     <span className="rounded-full bg-slate-100 px-2 py-1 font-mono text-[9px] text-slate-500 dark:bg-slate-800">%0A+                                                         score {candidate.score}%0A+                                                     </span>%0A+                                                     {candidate.blocking && (%0A+                                                         <span className="rounded-full bg-red-100 px-2 py-1 font-mono text-[9px] uppercase tracking-wider text-red-700 dark:bg-red-950/40 dark:text-red-300">%0A+                                                             Decision required%0A+                                                         </span>%0A+                                                     )}%0A+                                                 </div>%0A+                                                 <p className="mt-1 text-[10px] text-slate-500 dark:text-slate-400">%0A+                                                     {candidate.clinicalDateLabel} · {candidate.sourceLabel} · report {candidate.reportId}%0A+                                                 </p>%0A+                                                 <ul className="mt-2 list-disc space-y-1 pl-5 text-[10px] text-slate-600 dark:text-slate-300">%0A+                                                     {candidate.evidence.map(item => (%0A+                                                         <li key={item}>{item}</li>%0A+                                                     ))}%0A+                                                 </ul>%0A+                                             </article>%0A+                                         ))}%0A+                                     </div>%0A+%0A+                                     <div className="mt-3 grid gap-3 sm:grid-cols-2">%0A+                                         <label>%0A+                                             <span className={labelClass}>Related existing report</span>%0A+                                             <select%0A+                                                 value={relatedReportId}%0A+                                                 onChange={event => setRelatedReportId(event.target.value)}%0A+                                                 className={inputClass}%0A+                                             >%0A+                                                 <option value="">Select a report</option>%0A+                                                 {conflictCandidates.map(candidate => (%0A+                                                     <option key={candidate.reportId} value={candidate.reportId}>%0A+                                                         {candidate.reportTitle} · {fieldLabel(candidate.kind)}%0A+                                                     </option>%0A+                                                 ))}%0A+                                             </select>%0A+                                         </label>%0A+                                         <label>%0A+                                             <span className={labelClass}>Reviewed decision</span>%0A+                                             <select%0A+                                                 value={conflictDecision}%0A+                                                 onChange={event => {%0A+                                                     const decision = event.target.value as DiagnosticConflictDecision | '';%0A+                                                     setConflictDecision(decision);%0A+                                                     if (decision === 'corrects') {%0A+                                                         setReportField('status', 'corrected');%0A+                                                     } else if (decision === 'amends') {%0A+                                                         setReportField('status', 'amended');%0A+                                                     } else if (decision === 'replaces' && ![%0A+                                                         'final',%0A+                                                         'amended',%0A+                                                         'corrected',%0A+                                                     ].includes(draft.status || '')) {%0A+                                                         setReportField('status', 'final');%0A+                                                     }%0A+                                                 }}%0A+                                                 className={inputClass}%0A+                                             >%0A+                                                 <option value="">Select a decision</option>%0A+                                                 <option value="duplicate">Duplicate — do not save another copy</option>%0A+                                                 <option value="corrects">Corrects the selected report</option>%0A+                                                 <option value="amends">Amends the selected report</option>%0A+                                                 <option value="replaces">Replaces the selected report</option>%0A+                                                 <option value="distinct">Keep both as distinct reports</option>%0A+                                             </select>%0A+                                         </label>%0A+                                         <label className="sm:col-span-2">%0A+                                             <span className={labelClass}>Conflict-resolution reason</span>%0A+                                             <textarea%0A+                                                 value={conflictReason}%0A+                                                 onChange={event => setConflictReason(event.target.value)}%0A+                                                 rows={2}%0A+                                                 placeholder="State what the original reports show and why this relationship is correct."%0A+                                                 className={inputClass}%0A+                                             />%0A+                                         </label>%0A+                                     </div>%0A+                                 </section>%0A+                             )}%0A+%0A+                             <section className="rounded-2xl border border-slate-200 bg-white p-4 dark:border-slate-800 dark:bg-slate-900/60">%0A+                                 <h3 className="text-sm font-bold text-slate-900 dark:text-white">%0A+                                     Review evidence and graph validation%0A+                                 </h3>%0A+                                 <div className="mt-3 grid gap-3 sm:grid-cols-4">%0A+                                     <div className="rounded-xl bg-slate-100 p-3 dark:bg-slate-800">%0A+                                         <p className="text-[10px] uppercase tracking-wider text-slate-400">Included</p>%0A+                                         <p className="mt-1 text-xl font-bold">{includedResultIds.size}</p>%0A+                                     </div>%0A+                                     <div className="rounded-xl bg-slate-100 p-3 dark:bg-slate-800">%0A+                                         <p className="text-[10px] uppercase tracking-wider text-slate-400">Excluded</p>%0A+                                         <p className="mt-1 text-xl font-bold">{Math.max(0, excludedCount)}</p>%0A+                                     </div>%0A+                                     <div className="rounded-xl bg-slate-100 p-3 dark:bg-slate-800">%0A+                                         <p className="text-[10px] uppercase tracking-wider text-slate-400">Edits</p>%0A+                                         <p className="mt-1 text-xl font-bold">%0A+                                             {(evidence?.reportChanges?.length || 0)%0A+                                                 + resultChangeCount%0A+                                                 + specimenChangeCount}%0A+                                         </p>%0A+                                     </div>%0A+                                     <div className="rounded-xl bg-slate-100 p-3 dark:bg-slate-800">%0A+                                         <p className="text-[10px] uppercase tracking-wider text-slate-400">Graph</p>%0A+                                         <p className={`mt-1 text-sm font-bold ${prepared.value?.validation.valid%0A+                                             ? 'text-emerald-600'%0A+                                             : 'text-red-600'%0A+                                         }`}>%0A+                                             {prepared.value?.validation.valid%0A+                                                 ? 'Ready'%0A+                                                 : 'Blocked'}%0A+                                         </p>%0A+                                     </div>%0A+                                 </div>%0A+%0A+                                 <label className="mt-3 block">%0A+                                     <span className={labelClass}>Review / correction reason</span>%0A+                                     <textarea%0A+                                         value={reviewReason}%0A+                                         onChange={event => setReviewReason(event.target.value)}%0A+                                         rows={2}%0A+                                         className={inputClass}%0A+                                     />%0A+                                 </label>%0A+%0A+                                 {(prepared.error || validationIssues.length > 0) && (%0A+                                     <div className="mt-3 rounded-xl border border-red-200 bg-red-50 p-3 text-xs text-red-800 dark:border-red-900/50 dark:bg-red-950/20 dark:text-red-200">%0A+                                         <p className="font-bold">The report graph cannot be confirmed yet.</p>%0A+                                         <ul className="mt-2 list-disc space-y-1 pl-5">%0A+                                             {prepared.error && <li>{prepared.error}</li>}%0A+                                             {validationIssues.map((issue, index) => (%0A+                                                 <li key={`${issue.code}-${index}`}>%0A+                                                     {issue.message}%0A+                                                 </li>%0A+                                             ))}%0A+                                         </ul>%0A+                                     </div>%0A+                                 )}%0A+%0A+                                 {parsingWarnings.length > 0 && (%0A+                                     <div className="mt-3 rounded-xl border border-amber-200 bg-amber-50 p-3 text-xs text-amber-900 dark:border-amber-900/50 dark:bg-amber-950/20 dark:text-amber-200">%0A+                                         <p className="font-bold">Review warnings</p>%0A+                                         <ul className="mt-2 list-disc space-y-1 pl-5">%0A+                                             {[...new Set(parsingWarnings.map(warning => warning.message))]%0A+                                                 .map(message => <li key={message}>{message}</li>)}%0A+                                         </ul>%0A+                                     </div>%0A+                                 )}%0A+%0A+                                 {commitError && (%0A+                                     <div%0A+                                         role="alert"%0A+                                         className="mt-3 rounded-xl border border-red-200 bg-red-50 p-3 text-xs text-red-800 dark:border-red-900/50 dark:bg-red-950/20 dark:text-red-200"%0A+                                     >%0A+                                         {commitError}%0A+                                     </div>%0A+                                 )}%0A+                             </section>%0A+                         </div>%0A+                     </div>%0A+                 </div>%0A+%0A+                 <footer className="flex flex-wrap items-center justify-between gap-3 border-t border-slate-200 bg-white px-4 py-3 dark:border-slate-800 dark:bg-slate-950 sm:px-6">%0A+                     <p className="max-w-3xl text-[10px] leading-relaxed text-slate-500 dark:text-slate-400">%0A+                         Confirmation saves one connected report graph atomically. It does not diagnose the patient, contact a laboratory, or execute care.%0A+                     </p>%0A+                     <div className="flex items-center gap-2">%0A+                         <button%0A+                             type="button"%0A+                             onClick={cancelReview}%0A+                             className="rounded-xl border border-slate-200 px-4 py-2.5 text-xs font-bold text-slate-600 hover:bg-slate-100 dark:border-slate-700 dark:text-slate-300 dark:hover:bg-slate-800"%0A+                         >%0A+                             Discard review%0A+                         </button>%0A+                         <button%0A+                             type="button"%0A+                             onClick={confirmReview}%0A+                             disabled={%0A+                                 isSaving%0A+                                 || !seed.sourceAvailable%0A+                                 || !prepared.value?.validation.valid%0A+                             }%0A+                             className="inline-flex items-center gap-2 rounded-xl bg-blue-600 px-5 py-2.5 text-xs font-bold text-white shadow-lg shadow-blue-500/20 transition-colors hover:bg-blue-500 disabled:cursor-not-allowed disabled:opacity-50"%0A+                         >%0A+                             <CheckIcon className="h-4 w-4" />%0A+                             {isSaving%0A+                                 ? 'Saving graph…'%0A+                                 : 'Confirm report graph'}%0A+                         </button>%0A+                     </div>%0A+                 </footer>%0A+             </div>%0A+         </div>%0A+     );%0A+ };%0A+%0A+ export default DiagnosticReportReviewWorkspace;%0A+%0A%0A ❯ tests/diagnosticReportReviewWorkspace.test.ts:20:27%0A%0A
